Date,Close
2013-10-01,123.655
2013-10-02,125.455
2013-10-03,108.5848
2013-10-04,118.6747
2013-10-05,121.3387
2013-10-06,120.6553
2013-10-07,121.795
2013-10-08,123.033
2013-10-09,124.049
2013-10-10,125.9612
2013-10-11,125.2797
2013-10-12,125.9275
2013-10-13,126.3833
2013-10-14,135.242
2013-10-15,133.2033
2013-10-16,142.7633
2013-10-17,137.9233
2013-10-18,142.9517
2013-10-19,152.5518
2013-10-20,160.3388
2013-10-21,164.315
2013-10-22,177.6333
2013-10-23,188.2972
2013-10-24,200.7017
2013-10-25,180.355
2013-10-26,175.0317
2013-10-27,177.6965
2013-10-28,187.1598
2013-10-29,192.7567
2013-10-30,197.4
2013-10-31,196.025
2013-11-01,198.0488
2013-11-02,198.9323
2013-11-03,200.543
2013-11-04,210.3075
2013-11-05,225.02
2013-11-06,248.2533
2013-11-07,262.3267
2013-11-08,294.487
2013-11-09,331.1033
2013-11-10,285.8875
2013-11-11,304.9797
2013-11-12,338.137
2013-11-13,357.48
2013-11-14,402.954
2013-11-15,409.1038
2013-11-16,420.2165
2013-11-17,437.2973
2013-11-18,510.6025
2013-11-19,693.65
2013-11-20,531.5425
2013-11-21,574.716
2013-11-22,681.33
2013-11-23,774.18
2013-11-24,746.1937
2013-11-25,768.8475
2013-11-26,789.3648
2013-11-27,893.1815
2013-11-28,934.355
2013-11-29,1068.363
2013-11-30,1154.9259
2013-12-01,1099.5193
2013-12-02,1019.7897
2013-12-03,1028.845
2013-12-04,1071.2848
2013-12-05,1139.3308
2013-12-06,1004.6163
2013-12-07,759.4304
2013-12-08,689.81
2013-12-09,841.8397
2013-12-10,916.776
2013-12-11,967.4287
2013-12-12,866.29
2013-12-13,911.232
2013-12-14,889.8195
2013-12-15,848.9975
2013-12-16,868.9532
2013-12-17,653.8048
2013-12-18,654.0627
2013-12-19,553.6917
2013-12-20,693.0588
2013-12-21,649.3897
2013-12-22,595.9588
2013-12-23,647.6832
2013-12-24,671.5812
2013-12-25,659.8433
2013-12-26,702.0008
2013-12-27,758.0102
2013-12-28,734.0117
2013-12-29,717.9262
2013-12-30,752.8202
2013-12-31,744.1725
2014-01-01,768.4078
2014-01-02,769.0985
2014-01-03,804.0272
2014-01-04,813.3175
2014-01-05,871.1158
2014-01-06,970.6508
2014-01-07,962.4645
2014-01-08,855.7593
2014-01-09,860.8417
2014-01-10,847.5325
2014-01-11,892.2612
2014-01-12,916.6967
2014-01-13,873.2717
2014-01-14,863.6989
2014-01-15,853.2567
2014-01-16,874.0742
2014-01-17,842.1917
2014-01-18,834.8667
2014-01-19,838.4292
2014-01-20,881.8758
2014-01-21,873.2892
2014-01-22,874.1327
2014-01-23,864.5612
2014-01-24,838.15
2014-01-25,834.5742
2014-01-26,858.1264
2014-01-27,887.0834
2014-01-28,830.5313
2014-01-29,832.895
2014-01-30,832.874
2014-01-31,841.4891
2014-02-01,847.3638
2014-02-02,854.7225
2014-02-03,856.0337
2014-02-04,847.707
2014-02-05,844.2884
2014-02-06,802.7533
2014-02-07,748.4356
2014-02-08,692.6691
2014-02-09,668.8646
2014-02-10,700.4484
2014-02-11,694.3125
2014-02-12,665.7975
2014-02-13,645.615
2014-02-14,578.4125
2014-02-15,641.91
2014-02-16,656.2725
2014-02-17,611.045
2014-02-18,634.99
2014-02-19,618.79
2014-02-20,619.8425
2014-02-21,545.7625
2014-02-22,561.535
2014-02-23,622.22
2014-02-24,572.7675
2014-02-25,501.155
2014-02-26,550.6025
2014-02-27,573.1025
2014-02-28,567.2925
2014-03-01,551.73
2014-03-02,560.195
2014-03-03,567.7
2014-03-04,666.1475
2014-03-05,660.84
2014-03-06,662.0225
2014-03-07,651.285
2014-03-08,612.33
2014-03-09,611.1625
2014-03-10,637.615
2014-03-11,626.0
2014-03-12,633.7475
2014-03-13,631.755
2014-03-14,636.4141
2014-03-15,628.1875
2014-03-16,632.9533
2014-03-17,630.3483
2014-03-18,617.2433
2014-03-19,616.8667
2014-03-20,601.015
2014-03-21,581.3333
2014-03-22,570.3617
2014-03-23,562.9533
2014-03-24,557.1683
2014-03-25,573.35
2014-03-26,572.4916
2014-03-27,570.5483
2014-03-28,509.7067
2014-03-29,499.25
2014-03-30,486.8085
2014-03-31,472.4783
2014-04-01,464.88
2014-04-02,480.1658
2014-04-03,427.875
2014-04-04,432.9972
2014-04-05,453.8715
2014-04-06,462.445
2014-04-07,456.4695
2014-04-08,452.81
2014-04-09,450.4808
2014-04-10,426.9833
2014-04-11,374.5917
2014-04-12,438.2467
2014-04-13,423.5157
2014-04-14,409.0317
2014-04-15,455.2832
2014-04-16,517.0967
2014-04-17,522.455
2014-04-18,490.8785
2014-04-19,469.3833
2014-04-20,507.8066
2014-04-21,505.0967
2014-04-22,497.65
2014-04-23,487.84
2014-04-24,487.1133
2014-04-25,469.0882
2014-04-26,448.7783
2014-04-27,452.1483
2014-04-28,426.7817
2014-04-29,432.605
2014-04-30,444.8567
2014-05-01,454.5567
2014-05-02,453.5983
2014-05-03,441.9783
2014-05-04,438.2904
2014-05-05,432.7875
2014-05-06,418.6183
2014-05-07,428.4259
2014-05-08,442.5767
2014-05-09,439.04
2014-05-10,449.0433
2014-05-11,449.7417
2014-05-12,434.27
2014-05-13,437.0
2014-05-14,438.88
2014-05-15,445.045
2014-05-16,443.18
2014-05-17,445.6067
2014-05-18,445.1567
2014-05-19,444.7383
2014-05-20,455.6533
2014-05-21,489.87
2014-05-22,490.1867
2014-05-23,522.31
2014-05-24,512.3083
2014-05-25,533.93
2014-05-26,579.5933
2014-05-27,581.51
2014-05-28,572.4483
2014-05-29,562.4
2014-05-30,571.845
2014-05-31,612.1267
2014-06-01,638.1633
2014-06-02,634.9833
2014-06-03,660.2467
2014-06-04,627.7983
2014-06-05,642.8917
2014-06-06,652.5267
2014-06-07,648.6017
2014-06-08,652.5917
2014-06-09,652.11
2014-06-10,644.085
2014-06-11,642.0067
2014-06-12,632.55
2014-06-13,585.4833
2014-06-14,588.5233
2014-06-15,570.2883
2014-06-16,589.0667
2014-06-17,592.2567
2014-06-18,610.4133
2014-06-19,601.8867
2014-06-20,594.0933
2014-06-21,582.045
2014-06-22,599.57
2014-06-23,592.405
2014-06-24,584.6417
2014-06-25,575.905
2014-06-26,571.7667
2014-06-27,582.4317
2014-06-28,597.6683
2014-06-29,598.7333
2014-06-30,597.5133
2014-07-01,647.1225
2014-07-02,637.8563
2014-07-03,642.6513
2014-07-04,643.9512
2014-07-05,628.4163
2014-07-06,631.03
2014-07-07,631.2988
2014-07-08,621.2425
2014-07-09,620.72
2014-07-10,621.3075
2014-07-11,616.8312
2014-07-12,634.3575
2014-07-13,627.69
2014-07-14,621.425
2014-07-15,618.7388
2014-07-16,619.8075
2014-07-17,614.6888
2014-07-18,623.4975
2014-07-19,623.9963
2014-07-20,623.0063
2014-07-21,617.9612
2014-07-22,622.1075
2014-07-23,618.4475
2014-07-24,617.6875
2014-07-25,602.9313
2014-07-26,597.585
2014-07-27,592.9638
2014-07-28,580.11
2014-07-29,585.4488
2014-07-30,580.5175
2014-07-31,564.57
2014-08-01,583.39
2014-08-02,593.8063
2014-08-03,581.52
2014-08-04,585.8013
2014-08-05,582.3338
2014-08-06,582.5213
2014-08-07,583.6238
2014-08-08,595.8088
2014-08-09,585.3963
2014-08-10,586.0588
2014-08-11,588.7525
2014-08-12,566.3163
2014-08-13,565.5513
2014-08-14,534.54
2014-08-15,511.4725
2014-08-16,487.5663
2014-08-17,516.6263
2014-08-18,489.4675
2014-08-19,455.9163
2014-08-20,472.91
2014-08-21,519.015
2014-08-22,508.1288
2014-08-23,507.51
2014-08-24,501.6313
2014-08-25,503.3213
2014-08-26,504.6263
2014-08-27,513.3913
2014-08-28,514.6238
2014-08-29,506.025
2014-08-30,504.7063
2014-08-31,502.055
2014-09-01,474.5425
2014-09-02,477.9838
2014-09-03,476.8838
2014-09-04,475.65
2014-09-05,485.6513
2014-09-06,480.9075
2014-09-07,481.8838
2014-09-08,473.5863
2014-09-09,468.5775
2014-09-10,474.2913
2014-09-11,479.4175
2014-09-12,473.6725
2014-09-13,471.5325
2014-09-14,475.3788
2014-09-15,475.0213
2014-09-16,471.0838
2014-09-17,464.5538
2014-09-18,449.9588
2014-09-19,425.4475
2014-09-20,410.08
2014-09-21,405.7963
2014-09-22,399.0975
2014-09-23,399.5025
2014-09-24,427.8125
2014-09-25,416.12
2014-09-26,410.15
2014-09-27,403.4975
2014-09-28,398.84
2014-09-29,377.9788
2014-09-30,376.0838
2014-10-01,387.94
2014-10-02,381.7475
2014-10-03,372.0575
2014-10-04,360.7525
2014-10-05,335.9813
2014-10-06,308.0788
2014-10-07,337.2338
2014-10-08,326.2325
2014-10-09,351.3463
2014-10-10,368.5963
2014-10-11,359.2025
2014-10-12,356.9988
2014-10-13,371.1563
2014-10-14,392.7825
2014-10-15,396.3463
2014-10-16,392.5663
2014-10-17,376.2688
2014-10-18,378.675
2014-10-19,390.9588
2014-10-20,381.7238
2014-10-21,380.0575
2014-10-22,382.9388
2014-10-23,376.59
2014-10-24,351.7825
2014-10-25,353.6325
2014-10-26,345.1925
2014-10-27,350.9775
2014-10-28,349.7963
2014-10-29,348.9025
2014-10-30,335.5363
2014-10-31,343.5588
2014-11-01,338.0105
2014-11-02,325.2263
2014-11-03,331.6008
2014-11-04,324.7183
2014-11-05,332.4567
2014-11-06,336.585
2014-11-07,346.775
2014-11-08,344.8117
2014-11-09,343.065
2014-11-10,358.5017
2014-11-11,368.0767
2014-11-12,376.9967
2014-11-13,442.1067
2014-11-14,389.0033
2014-11-15,394.9267
2014-11-16,377.08
2014-11-17,400.4717
2014-11-18,384.93
2014-11-19,375.8333
2014-11-20,376.16
2014-11-21,348.565
2014-11-22,352.42
2014-11-23,356.8
2014-11-24,367.83
2014-11-25,381.2067
2014-11-26,375.498
2014-11-27,372.819
2014-11-28,368.983
2014-11-29,375.44
2014-11-30,376.851
2014-12-01,376.1322
2014-12-02,377.862
2014-12-03,382.452
2014-12-04,376.382
2014-12-05,368.3618
2014-12-06,373.414
2014-12-07,373.744
2014-12-08,373.155
2014-12-09,357.884
2014-12-10,348.898
2014-12-11,341.041
2014-12-12,348.272
2014-12-13,346.742
2014-12-14,347.348
2014-12-15,348.674
2014-12-16,338.547
2014-12-17,330.536
2014-12-18,317.405
2014-12-19,306.46
2014-12-20,319.196
2014-12-21,321.893
2014-12-22,320.035
2014-12-23,328.701
2014-12-24,332.053
2014-12-25,321.386
2014-12-26,318.563
2014-12-27,320.868
2014-12-28,316.009
2014-12-29,315.64
2014-12-30,313.994
2014-12-31,309.903
2015-01-01,317.204
2015-01-02,314.499
2015-01-03,311.141
2015-01-04,277.853
2015-01-05,270.813
2015-01-06,272.0175
2015-01-07,283.8413
2015-01-08,290.485
2015-01-09,281.0363
2015-01-10,286.688
2015-01-11,277.65
2015-01-12,268.102
2015-01-13,243.081
2015-01-14,219.128
2015-01-15,193.3511
2015-01-16,220.5745
2015-01-17,209.1655
2015-01-18,195.5947
2015-01-19,212.2711
2015-01-20,211.5401
2015-01-21,212.2825
2015-01-22,230.6754
2015-01-23,226.3042
2015-01-24,231.4242
2015-01-25,251.606
2015-01-26,283.5977
2015-01-27,258.5374
2015-01-28,257.447
2015-01-29,235.948
2015-01-30,233.141
2015-01-31,226.9412
2015-02-01,216.6607
2015-02-02,229.8044
2015-02-03,237.6518
2015-02-04,225.8386
2015-02-05,226.554
2015-02-06,219.7563
2015-02-07,225.4667
2015-02-08,225.7329
2015-02-09,222.7841
2015-02-10,220.1673
2015-02-11,223.0037
2015-02-12,218.7283
2015-02-13,223.9672
2015-02-14,237.6572
2015-02-15,256.2176
2015-02-16,230.1355
2015-02-17,235.7128
2015-02-18,242.9318
2015-02-19,237.1035
2015-02-20,241.0718
2015-02-21,245.7057
2015-02-22,245.145
2015-02-23,235.1414
2015-02-24,238.9318
2015-02-25,238.1523
2015-02-26,235.6772
2015-02-27,251.2891
2015-02-28,251.0342
2015-03-01,251.9314
2015-03-02,258.8485
2015-03-03,270.7625
2015-03-04,278.1172
2015-03-05,269.2606
2015-03-06,274.8977
2015-03-07,270.8611
2015-03-08,276.7279
2015-03-09,277.9852
2015-03-10,294.1886
2015-03-11,289.7149
2015-03-12,292.8678
2015-03-13,293.224
2015-03-14,282.644
2015-03-15,283.0809
2015-03-16,290.6158
2015-03-17,290.542
2015-03-18,283.7507
2015-03-19,252.4479
2015-03-20,263.4741
2015-03-21,259.913
2015-03-22,259.3943
2015-03-23,267.5549
2015-03-24,265.273
2015-03-25,246.6733
2015-03-26,245.6489
2015-03-27,246.5497
2015-03-28,248.4467
2015-03-29,246.728
2015-03-30,245.1133
2015-03-31,247.2639
2015-04-01,243.3028
2015-04-02,246.96
2015-04-03,252.0578
2015-04-04,253.4334
2015-04-05,252.0256
2015-04-06,260.3589
2015-04-07,252.0909
2015-04-08,252.8629
2015-04-09,244.0449
2015-04-10,240.9478
2015-04-11,236.4388
2015-04-12,236.5542
2015-04-13,235.522
2015-04-14,222.6009
2015-04-15,220.9126
2015-04-16,226.0171
2015-04-17,227.9255
2015-04-18,223.317
2015-04-19,223.4062
2015-04-20,223.9214
2015-04-21,224.9815
2015-04-22,235.5037
2015-04-23,234.1575
2015-04-24,233.4008
2015-04-25,228.9238
2015-04-26,219.9455
2015-04-27,219.1903
2015-04-28,227.3867
2015-04-29,225.3545
2015-04-30,225.9976
2015-05-01,236.6827
2015-05-02,233.8511
2015-05-03,236.2378
2015-05-04,240.3646
2015-05-05,235.6033
2015-05-06,235.6017
2015-05-07,230.4207
2015-05-08,237.059
2015-05-09,244.6989
2015-05-10,241.516
2015-05-11,239.4036
2015-05-12,240.0008
2015-05-13,241.3529
2015-05-14,235.5478
2015-05-15,237.5737
2015-05-16,236.657
2015-05-17,236.339
2015-05-18,236.2319
2015-05-19,233.3119
2015-05-20,232.7193
2015-05-21,234.204
2015-05-22,235.8633
2015-05-23,240.1588
2015-05-24,239.7985
2015-05-25,240.9415
2015-05-26,237.6588
2015-05-27,237.1844
2015-05-28,237.6708
2015-05-29,237.2277
2015-05-30,236.1404
2015-05-31,233.3328
2015-06-01,230.8331
2015-06-02,223.415
2015-06-03,226.6168
2015-06-04,225.444
2015-06-05,223.9665
2015-06-06,224.2525
2015-06-07,225.8403
2015-06-08,223.6946
2015-06-09,228.1884
2015-06-10,229.2025
2015-06-11,229.9599
2015-06-12,229.9082
2015-06-13,230.6695
2015-06-14,233.1445
2015-06-15,234.7473
2015-06-16,237.399
2015-06-17,248.7435
2015-06-18,247.2359
2015-06-19,249.0733
2015-06-20,240.7897
2015-06-21,244.1563
2015-06-22,244.9588
2015-06-23,247.1273
2015-06-24,243.371
2015-06-25,240.9204
2015-06-26,242.3191
2015-06-27,242.2881
2015-06-28,250.382
2015-06-29,249.4273
2015-06-30,258.3855
2015-07-01,261.7175
2015-07-02,259.6294
2015-07-03,255.5268
2015-07-04,253.8789
2015-07-05,261.429
2015-07-06,267.6076
2015-07-07,270.0759
2015-07-08,264.356
2015-07-09,267.943
2015-07-10,269.2493
2015-07-11,286.5366
2015-07-12,301.0384
2015-07-13,304.9905
2015-07-14,290.9314
2015-07-15,288.4879
2015-07-16,287.5576
2015-07-17,276.9792
2015-07-18,278.3334
2015-07-19,275.3069
2015-07-20,274.2839
2015-07-21,279.4593
2015-07-22,274.8724
2015-07-23,276.2095
2015-07-24,276.2449
2015-07-25,287.5558
2015-07-26,287.8398
2015-07-27,291.2009
2015-07-28,293.1506
2015-07-29,292.9943
2015-07-30,288.6166
2015-07-31,286.7449
2015-08-01,282.3374
2015-08-02,278.6826
2015-08-03,279.4859
2015-08-04,283.4909
2015-08-05,284.2437
2015-08-06,280.9375
2015-08-07,275.9287
2015-08-08,278.2765
2015-08-09,261.7523
2015-08-10,265.0825
2015-08-11,264.8752
2015-08-12,270.2233
2015-08-13,264.143
2015-08-14,262.0176
2015-08-15,265.3955
2015-08-16,261.2006
2015-08-17,258.0065
2015-08-18,256.4484
2015-08-19,230.3842
2015-08-20,232.0648
2015-08-21,234.5638
2015-08-22,233.0369
2015-08-23,231.2128
2015-08-24,227.2323
2015-08-25,203.1813
2015-08-26,219.8158
2015-08-27,224.5361
2015-08-28,224.1888
2015-08-29,230.9358
2015-08-30,230.5854
2015-08-31,227.1808
2015-09-01,229.0297
2015-09-02,226.2884
2015-09-03,228.353
2015-09-04,227.1474
2015-09-05,229.6669
2015-09-06,240.7012
2015-09-07,239.88
2015-09-08,242.0189
2015-09-09,244.3138
2015-09-10,237.9947
2015-09-11,240.5637
2015-09-12,239.8168
2015-09-13,235.053
2015-09-14,229.1581
2015-09-15,230.5109
2015-09-16,230.9807
2015-09-17,229.5898
2015-09-18,233.2385
2015-09-19,232.5001
2015-09-20,231.3373
2015-09-21,230.7543
2015-09-22,227.7936
2015-09-23,231.3098
2015-09-24,231.0951
2015-09-25,233.7448
2015-09-26,234.9247
2015-09-27,234.3291
2015-09-28,237.2112
2015-09-29,238.5663
2015-09-30,238.0613
2015-10-01,237.1519
2015-10-02,238.0636
2015-10-03,237.6352
2015-10-04,238.9988
2015-10-05,238.8243
2015-10-06,240.6308
2015-10-07,246.4963
2015-10-08,244.4982
2015-10-09,243.2568
2015-10-10,244.9653
2015-10-11,245.07
2015-10-12,247.6504
2015-10-13,244.5764
2015-10-14,249.4591
2015-10-15,254.6422
2015-10-16,255.7274
2015-10-17,267.5398
2015-10-18,270.0404
2015-10-19,264.9863
2015-10-20,264.9258
2015-10-21,270.4954
2015-10-22,267.4691
2015-10-23,274.2533
2015-10-24,279.9791
2015-10-25,286.8694
2015-10-26,284.286
2015-10-27,287.8309
2015-10-28,300.5357
2015-10-29,304.3269
2015-10-30,326.5569
2015-10-31,327.5843
2015-11-01,311.7027
2015-11-02,325.6467
2015-11-03,369.5113
2015-11-04,432.4613
2015-11-05,434.3168
2015-11-06,359.586
2015-11-07,377.641
2015-11-08,387.775
2015-11-09,370.652
2015-11-10,376.948
2015-11-11,311.702
2015-11-12,320.036
2015-11-13,337.893
2015-11-14,334.125
2015-11-15,333.951
2015-11-16,320.06
2015-11-17,337.759
2015-11-18,333.333
2015-11-19,334.025
2015-11-20,315.631
2015-11-21,321.482
2015-11-22,326.365
2015-11-23,322.606
2015-11-24,320.993
2015-11-25,318.337
2015-11-26,332.471
2015-11-27,349.138
2015-11-28,354.954
2015-11-29,356.806
2015-11-30,375.204
2015-12-01,377.798
2015-12-02,352.128
2015-12-03,366.788
2015-12-04,358.443
2015-12-05,369.956
2015-12-06,394.861
2015-12-07,391.618
2015-12-08,395.593
2015-12-09,421.424
2015-12-10,415.076
2015-12-11,421.813
2015-12-12,467.831
2015-12-13,435.091
2015-12-14,437.021
2015-12-15,453.676
2015-12-16,445.805
2015-12-17,451.102
2015-12-18,456.425
2015-12-19,464.218
2015-12-20,460.238
2015-12-21,435.641
2015-12-22,438.276
2015-12-23,437.994
2015-12-24,456.572
2015-12-25,455.743
2015-12-26,447.606
2015-12-27,419.338
2015-12-28,427.817
2015-12-29,422.741
2015-12-30,431.029
2015-12-31,424.962
2016-01-01,432.358
2016-01-02,433.773
2016-01-03,431.985
2016-01-04,431.691
2016-01-05,433.732
2016-01-06,427.164
2016-01-07,441.021
2016-01-08,457.168
2016-01-09,452.368
2016-01-10,445.327
2016-01-11,450.312
2016-01-12,446.614
2016-01-13,431.156
2016-01-14,431.41
2016-01-15,416.29
2016-01-16,372.737
2016-01-17,383.138
2016-01-18,380.817
2016-01-19,382.738
2016-01-20,378.775
2016-01-21,417.439
2016-01-22,403.271
2016-01-23,388.219
2016-01-24,388.538
2016-01-25,397.885
2016-01-26,390.715
2016-01-27,392.389
2016-01-28,381.356
2016-01-29,369.133
2016-01-30,376.952
2016-01-31,378.174
2016-02-01,372.157
2016-02-02,372.453
2016-02-03,372.762
2016-02-04,370.433
2016-02-05,386.954
2016-02-06,377.889
2016-02-07,376.44
2016-02-08,376.924
2016-02-09,372.434
2016-02-10,374.764
2016-02-11,379.186
2016-02-12,378.576
2016-02-13,388.87
2016-02-14,397.23
2016-02-15,405.621
2016-02-16,401.663
2016-02-17,407.017
2016-02-18,417.492
2016-02-19,421.956
2016-02-20,422.054
2016-02-21,439.61
2016-02-22,436.14
2016-02-23,438.745
2016-02-24,419.896
2016-02-25,422.617
2016-02-26,421.244
2016-02-27,433.401
2016-02-28,425.502
2016-02-29,438.28
2016-03-01,436.426
2016-03-02,434.001
2016-03-03,419.254
2016-03-04,421.597
2016-03-05,407.722
2016-03-06,397.883
2016-03-07,407.276
2016-03-08,414.213
2016-03-09,410.739
2016-03-10,411.672
2016-03-11,416.708
2016-03-12,415.04
2016-03-13,411.637
2016-03-14,414.208
2016-03-15,416.034
2016-03-16,414.167
2016-03-17,417.138
2016-03-18,417.154
2016-03-19,407.473
2016-03-20,409.24
2016-03-21,407.496
2016-03-22,415.125
2016-03-23,417.318
2016-03-24,415.837
2016-03-25,414.757
2016-03-26,416.851
2016-03-27,416.233
2016-03-28,424.297
2016-03-29,423.597
2016-03-30,414.613
2016-03-31,414.458
2016-04-01,416.012
2016-04-02,418.785
2016-04-03,418.94
2016-04-04,418.593
2016-04-05,422.044
2016-04-06,422.295
2016-04-07,420.553
2016-04-08,421.616
2016-04-09,415.751
2016-04-10,418.078
2016-04-11,421.192
2016-04-12,426.383
2016-04-13,426.844
2016-04-14,425.494
2016-04-15,426.279
2016-04-16,429.775
2016-04-17,430.453
2016-04-18,429.318
2016-04-19,428.522
2016-04-20,435.926
2016-04-21,443.758
2016-04-22,446.776
2016-04-23,447.233
2016-04-24,455.152
2016-04-25,458.626
2016-04-26,464.429
2016-04-27,466.064
2016-04-28,441.304
2016-04-29,446.236
2016-04-30,454.375
2016-05-01,449.108
2016-05-02,453.067
2016-05-03,443.681
2016-05-04,449.157
2016-05-05,447.74
2016-05-06,447.586
2016-05-07,458.864
2016-05-08,459.937
2016-05-09,458.708
2016-05-10,460.954
2016-05-11,454.394
2016-05-12,451.155
2016-05-13,453.701
2016-05-14,456.039
2016-05-15,456.093
2016-05-16,457.641
2016-05-17,454.278
2016-05-18,454.064
2016-05-19,453.494
2016-05-20,440.231
2016-05-21,442.953
2016-05-22,442.892
2016-05-23,440.551
2016-05-24,444.489
2016-05-25,447.035
2016-05-26,448.278
2016-05-27,467.262
2016-05-28,489.847
2016-05-29,516.051
2016-05-30,529.917
2016-05-31,537.233
2016-06-01,528.05
2016-06-02,538.568
2016-06-03,537.185
2016-06-04,571.139
2016-06-05,579.343
2016-06-06,578.849
2016-06-07,585.399
2016-06-08,576.226
2016-06-09,580.436
2016-06-10,574.953
2016-06-11,583.87
2016-06-12,633.205
2016-06-13,682.226
2016-06-14,695.155
2016-06-15,685.442
2016-06-16,732.357
2016-06-17,773.25
2016-06-18,736.386
2016-06-19,747.831
2016-06-20,758.903
2016-06-21,702.696
2016-06-22,657.013
2016-06-23,581.249
2016-06-24,657.09
2016-06-25,687.168
2016-06-26,657.224
2016-06-27,644.091
2016-06-28,655.944
2016-06-29,634.357
2016-06-30,635.093
2016-07-01,683.293
2016-07-02,678.567
2016-07-03,690.179
2016-07-04,670.741
2016-07-05,679.351
2016-07-06,676.872
2016-07-07,671.814
2016-07-08,640.476
2016-07-09,654.853
2016-07-10,649.356
2016-07-11,656.747
2016-07-12,648.136
2016-07-13,663.443
2016-07-14,654.018
2016-07-15,663.638
2016-07-16,666.565
2016-07-17,665.113
2016-07-18,681.239
2016-07-19,673.832
2016-07-20,673.008
2016-07-21,662.034
2016-07-22,666.747
2016-07-23,654.725
2016-07-24,654.895
2016-07-25,660.284
2016-07-26,655.418
2016-07-27,650.829
2016-07-28,656.916
2016-07-29,655.427
2016-07-30,656.681
2016-07-31,635.588
2016-08-01,621.373
2016-08-02,601.227
2016-08-03,555.926
2016-08-04,578.5237
2016-08-05,570.3388
2016-08-06,574.8738
2016-08-07,588.5163
2016-08-08,589.6613
2016-08-09,586.715
2016-08-10,585.2388
2016-08-11,594.8163
2016-08-12,581.9625
2016-08-13,584.8738
2016-08-14,581.65
2016-08-15,571.9625
2016-08-16,567.6075
2016-08-17,575.5413
2016-08-18,572.3725
2016-08-19,573.0163
2016-08-20,573.08
2016-08-21,581.3538
2016-08-22,579.6675
2016-08-23,585.5075
2016-08-24,577.9875
2016-08-25,574.5825
2016-08-26,575.0625
2016-08-27,575.3425
2016-08-28,568.7888
2016-08-29,574.4975
2016-08-30,571.9413
2016-08-31,573.7813
2016-09-01,572.96
2016-09-02,570.1
2016-09-03,572.5213
2016-09-04,596.4538
2016-09-05,606.0525
2016-09-06,604.465
2016-09-07,609.4325
2016-09-08,613.675
2016-09-09,623.6
2016-09-10,620.5988
2016-09-11,622.0338
2016-09-12,604.8275
2016-09-13,607.0363
2016-09-14,606.885
2016-09-15,606.8975
2016-09-16,605.5213
2016-09-17,606.0463
2016-09-18,605.08
2016-09-19,609.3725
2016-09-20,606.7175
2016-09-21,595.9338
2016-09-22,596.225
2016-09-23,595.0175
2016-09-24,602.4075
2016-09-25,601.3688
2016-09-26,598.9075
2016-09-27,605.0175
2016-09-28,602.885
2016-09-29,603.5812
2016-09-30,604.5213
2016-10-01,610.5838
2016-10-02,613.2375
2016-10-03,611.8887
2016-10-04,609.495
2016-10-05,608.125
2016-10-06,610.57
2016-10-07,610.2338
2016-10-08,617.445
2016-10-09,614.5963
2016-10-10,615.9163
2016-10-11,618.3275
2016-10-12,637.2162
2016-10-13,637.7363
2016-10-14,635.8838
2016-10-15,638.975
2016-10-16,638.605
2016-10-17,636.635
2016-10-18,637.0163
2016-10-19,634.605
2016-10-20,626.3688
2016-10-21,629.6125
2016-10-22,630.6188
2016-10-23,650.895
2016-10-24,647.6938
2016-10-25,652.235
2016-10-26,657.0563
2016-10-27,684.3775
2016-10-28,684.2975
2016-10-29,700.135
2016-10-30,704.91
2016-10-31,693.8963
2016-11-01,708.955
2016-11-02,725.6925
2016-11-03,741.8488
2016-11-04,701.2188
2016-11-05,702.175
2016-11-06,705.4788
2016-11-07,705.4713
2016-11-08,706.1338
2016-11-09,728.3613
2016-11-10,719.2525
2016-11-11,714.5713
2016-11-12,715.7725
2016-11-13,694.7213
2016-11-14,704.6213
2016-11-15,711.3963
2016-11-16,710.9275
2016-11-17,745.9263
2016-11-18,738.665
2016-11-19,748.8075
2016-11-20,752.5525
2016-11-21,730.365
2016-11-22,734.84
2016-11-23,745.9788
2016-11-24,739.8188
2016-11-25,730.3125
2016-11-26,737.4025
2016-11-27,727.445
2016-11-28,731.9
2016-11-29,731.1263
2016-11-30,731.64
2016-12-01,744.1025
2016-12-02,766.5925
2016-12-03,769.915
2016-12-04,764.3575
2016-12-05,760.1
2016-12-06,754.8263
2016-12-07,758.3538
2016-12-08,763.2363
2016-12-09,766.8725
2016-12-10,773.2825
2016-12-11,765.9525
2016-12-12,769.8275
2016-12-13,774.3863
2016-12-14,778.3563
2016-12-15,776.9825
2016-12-16,776.415
2016-12-17,786.9725
2016-12-18,789.2463
2016-12-19,791.0
2016-12-20,789.2325
2016-12-21,805.7963
2016-12-22,842.6388
2016-12-23,910.9325
2016-12-24,910.2475
2016-12-25,870.1313
2016-12-26,905.4563
2016-12-27,900.3663
2016-12-28,948.8988
2016-12-29,971.645
2016-12-30,954.8438
2016-12-31,952.455
2017-01-01,964.325
2017-01-02,1009.9738
2017-01-03,1028.3338
2017-01-04,1047.1
2017-01-05,1140.385
2017-01-06,985.9388
2017-01-07,837.8363
2017-01-08,923.5238
2017-01-09,889.3388
2017-01-10,905.2263
2017-01-11,910.6063
2017-01-12,772.6613
2017-01-13,784.8938
2017-01-14,820.6888
2017-01-15,821.1963
2017-01-16,830.74
2017-01-17,848.5813
2017-01-18,890.2938
2017-01-19,888.0625
2017-01-20,896.1638
2017-01-21,920.5888
2017-01-22,934.7775
2017-01-23,920.365
2017-01-24,912.2125
2017-01-25,898.55
2017-01-26,901.05
2017-01-27,912.8438
2017-01-28,919.795
2017-01-29,920.8288
2017-01-30,916.9113
2017-01-31,921.3513
2017-02-01,973.065
2017-02-02,982.8275
2017-02-03,1020.09
2017-02-04,1011.215
2017-02-05,1029.4012
2017-02-06,1019.3125
2017-02-07,1029.4088
2017-02-08,1067.7088
2017-02-09,1072.205
2017-02-10,974.9588
2017-02-11,997.2275
2017-02-12,1004.7138
2017-02-13,1004.8538
2017-02-14,994.58
2017-02-15,1003.59
2017-02-16,1018.4113
2017-02-17,1038.8663
2017-02-18,1058.315
2017-02-19,1052.8438
2017-02-20,1046.6625
2017-02-21,1079.5825
2017-02-22,1112.8638
2017-02-23,1122.515
2017-02-24,1193.501
2017-02-25,1182.429
2017-02-26,1139.848
2017-02-27,1189.366
2017-02-28,1189.947
2017-03-01,1193.611
2017-03-02,1221.05
2017-03-03,1269.776
2017-03-04,1285.376
2017-03-05,1260.668
2017-03-06,1273.247
2017-03-07,1280.305
2017-03-08,1206.357
2017-03-09,1153.06
2017-03-10,1200.557
2017-03-11,1147.625
2017-03-12,1186.351
2017-03-13,1235.553
2017-03-14,1242.806
2017-03-15,1245.892
2017-03-16,1247.671
2017-03-17,1126.082
2017-03-18,1062.07
2017-03-19,1000.246
2017-03-20,1036.226
2017-03-21,1065.481
2017-03-22,1091.333
2017-03-23,1036.099
2017-03-24,1013.844
2017-03-25,921.808
2017-03-26,962.508
2017-03-27,968.293
2017-03-28,1035.322
2017-03-29,1011.969
2017-03-30,1041.374
2017-03-31,1048.863
2017-04-01,1077.557
2017-04-02,1082.37
2017-04-03,1140.037
2017-04-04,1148.092
2017-04-05,1139.86
2017-04-06,1150.685
2017-04-07,1177.284
2017-04-08,1196.896
2017-04-09,1187.033
2017-04-10,1213.801
2017-04-11,1206.74
2017-04-12,1226.896
2017-04-13,1216.269
2017-04-14,1187.136
2017-04-15,1186.109
2017-04-16,1189.55
2017-04-17,1184.2
2017-04-18,1211.738
2017-04-19,1218.666
2017-04-20,1227.981
2017-04-21,1261.702
2017-04-22,1255.2513
2017-04-23,1232.7575
2017-04-24,1243.43
2017-04-25,1251.5775
2017-04-26,1269.6963
2017-04-27,1289.7475
2017-04-28,1335.825
2017-04-29,1319.7
2017-04-30,1311.5887
2017-05-01,1370.79
2017-05-02,1416.61
2017-05-03,1448.8863
2017-05-04,1506.7725
2017-05-05,1543.31
2017-05-06,1536.1525
2017-05-07,1554.6025
2017-05-08,1564.065
2017-05-09,1644.7288
2017-05-10,1695.8313
2017-05-11,1748.3538
2017-05-12,1774.52
2017-05-13,1634.6075
2017-05-14,1774.805
2017-05-15,1747.0438
2017-05-16,1665.0325
2017-05-17,1744.4413
2017-05-18,1796.8963
2017-05-19,1913.1388
2017-05-20,1983.9788
2017-05-21,2074.6963
2017-05-22,2114.9888
2017-05-23,2196.6687
2017-05-24,2348.5525
2017-05-25,2581.8538
2017-05-26,2460.9538
2017-05-27,2232.2875
2017-05-28,2234.8337
2017-05-29,2195.785
2017-05-30,2315.7363
2017-05-31,2170.9812
2017-06-01,2402.125
2017-06-02,2477.1725
2017-06-03,2475.2975
2017-06-04,2526.3113
2017-06-05,2605.125
2017-06-06,2855.03
2017-06-07,2900.8525
2017-06-08,2737.9025
2017-06-09,2826.0388
2017-06-10,2846.0063
2017-06-11,2910.3363
2017-06-12,3007.0125
2017-06-13,2697.0775
2017-06-14,2780.1825
2017-06-15,2518.5488
2017-06-16,2438.6175
2017-06-17,2520.7838
2017-06-18,2680.1025
2017-06-19,2611.68
2017-06-20,2667.5475
2017-06-21,2805.0975
2017-06-22,2702.0038
2017-06-23,2763.2913
2017-06-24,2740.5925
2017-06-25,2598.1588
2017-06-26,2630.595
2017-06-27,2513.43
2017-06-28,2556.1675
2017-06-29,2591.2675
2017-06-30,2547.3225
2017-07-01,2479.055
2017-07-02,2424.6988
2017-07-03,2513.7413
2017-07-04,2640.0613
2017-07-05,2588.6788
2017-07-06,2634.1738
2017-07-07,2598.57
2017-07-08,2514.3625
2017-07-09,2586.0425
2017-07-10,2524.1262
2017-07-11,2352.265
2017-07-12,2292.9138
2017-07-13,2437.5538
2017-07-14,2337.6788
2017-07-15,2109.3738
2017-07-16,2045.5725
2017-07-17,1986.9425
2017-07-18,2189.24
2017-07-19,2354.8925
2017-07-20,2349.355
2017-07-21,2740.5688
2017-07-22,2738.775
2017-07-23,2831.6788
2017-07-24,2772.3675
2017-07-25,2768.8025
2017-07-26,2540.2087
2017-07-27,2570.195
2017-07-28,2699.7213
2017-07-29,2719.69
2017-07-30,2714.7038
2017-07-31,2718.6175
2017-08-01,2867.6538
2017-08-02,2739.7088
2017-08-03,2740.0713
2017-08-04,2811.71
2017-08-05,3123.4113
2017-08-06,3254.71
2017-08-07,3274.6375
2017-08-08,3474.7625
2017-08-09,3416.185
2017-08-10,3364.4113
2017-08-11,3451.8525
2017-08-12,3705.43
2017-08-13,4104.015
2017-08-14,4036.7575
2017-08-15,4462.6763
2017-08-16,4118.9025
2017-08-17,4322.4213
2017-08-18,4311.685
2017-08-19,4180.2388
2017-08-20,4139.3813
2017-08-21,4110.9413
2017-08-22,3911.2763
2017-08-23,4162.7925
2017-08-24,4178.7563
2017-08-25,4396.0313
2017-08-26,4359.9025
2017-08-27,4381.3963
2017-08-28,4340.46
2017-08-29,4442.6575
2017-08-30,4664.6438
2017-08-31,4676.1425
2017-09-01,4783.17
2017-09-02,4864.285
2017-09-03,4672.5688
2017-09-04,4593.1825
2017-09-05,4160.535
2017-09-06,4517.57
2017-09-07,4543.1025
2017-09-08,4628.6025
2017-09-09,4280.975
2017-09-10,4194.2188
2017-09-11,4307.8263
2017-09-12,4295.7612
2017-09-13,3944.5838
2017-09-14,3817.0575
2017-09-15,3358.1088
2017-09-16,3772.6838
2017-09-17,3608.595
2017-09-18,3764.6175
2017-09-19,3976.3875
2017-09-20,3863.1863
2017-09-21,3827.685
2017-09-22,3690.9913
2017-09-23,3612.1625
2017-09-24,3772.8475
2017-09-25,3753.435
2017-09-26,3920.9913
2017-09-27,3939.515
2017-09-28,4220.28
2017-09-29,4062.2038
2017-09-30,4207.825
2017-10-01,4300.5513
2017-10-02,4414.1775
2017-10-03,4424.4725
2017-10-04,4307.555
2017-10-05,4186.7837
2017-10-06,4325.2363
2017-10-07,4370.1688
2017-10-08,4446.1725
2017-10-09,4624.3488
2017-10-10,4789.3013
2017-10-11,4741.7088
2017-10-12,4858.605
2017-10-13,5728.5475
2017-10-14,5666.9788
2017-10-15,5779.0738
2017-10-16,5607.01
2017-10-17,5643.5538
2017-10-18,5495.0388
2017-10-19,5627.0863
2017-10-20,5686.5263
2017-10-21,6098.115
2017-10-22,5949.0788
2017-10-23,5969.795
2017-10-24,5649.005
2017-10-25,5550.8588
2017-10-26,5776.8788
2017-10-27,5923.7063
2017-10-28,5737.1025
2017-10-29,5741.7225
2017-10-30,6151.325
2017-10-31,6130.5638
2017-11-01,6424.515
2017-11-02,6879.365
2017-11-03,7199.2375
2017-11-04,7210.4688
2017-11-05,7376.7425
2017-11-06,7231.93
2017-11-07,7123.8938
2017-11-08,7356.5063
2017-11-09,7342.8238
2017-11-10,7250.77
2017-11-11,6773.695
2017-11-12,6075.3013
2017-11-13,5969.13
2017-11-14,6666.2713
2017-11-15,6867.4263
2017-11-16,7259.3
2017-11-17,7924.1825
2017-11-18,7598.2775
2017-11-19,7787.4563
2017-11-20,7954.7675
2017-11-21,7879.06
2017-11-22,8150.6325
2017-11-23,8208.7538
2017-11-24,8094.445
2017-11-25,8190.8713
2017-11-26,8851.305
2017-11-27,9573.9675
2017-11-28,9713.0963
2017-11-29,10295.6225
2017-11-30,10542.6625
2017-12-01,9706.1038
2017-12-02,10923.2013
2017-12-03,10973.5438
2017-12-04,11382.2088
2017-12-05,11597.2313
2017-12-06,12230.365
2017-12-07,13734.52
2017-12-08,16403.4213
2017-12-09,15732.1
2017-12-10,13152.5288
2017-12-11,16299.2975
2017-12-12,16374.8975
2017-12-13,16678.2875
2017-12-14,16246.1388
2017-12-15,17221.6513
2017-12-16,17436.5975
2017-12-17,19166.9787
2017-12-18,18640.2625
2017-12-19,18984.7675
2017-12-20,16862.5713
2017-12-21,16925.0175
2017-12-22,14182.465
2017-12-23,14694.5825
2017-12-24,14103.2188
2017-12-25,13387.3488
2017-12-26,14652.3675
2017-12-27,15846.0738
2017-12-28,14362.4038
2017-12-29,14867.5725
2017-12-30,13643.695
2017-12-31,13062.145
2018-01-01,13439.4175
2018-01-02,13337.6213
2018-01-03,14881.545
2018-01-04,15104.45
2018-01-05,14953.8525
2018-01-06,16576.6963
2018-01-07,16735.1063
2018-01-08,15632.4113
2018-01-09,15242.9363
2018-01-10,14122.825
2018-01-11,13269.5975
2018-01-12,13633.3638
2018-01-13,14165.9063
2018-01-14,14217.3625
2018-01-15,13519.9263
2018-01-16,12915.1163
2018-01-17,10870.1688
2018-01-18,11340.65
2018-01-19,11137.3688
2018-01-20,11742.9413
2018-01-21,12486.0663
2018-01-22,11508.62
2018-01-23,10872.9025
2018-01-24,10830.9275
2018-01-25,11629.375
2018-01-26,11524.345
2018-01-27,11005.615
2018-01-28,11452.23
2018-01-29,11412.7938
2018-01-30,10917.1513
2018-01-31,9914.4725
2018-02-01,9970.3088
2018-02-02,8715.595
2018-02-03,8285.5012
2018-02-04,9192.045
2018-02-05,8136.39
2018-02-06,6332.37
2018-02-07,7270.5075
2018-02-08,7987.2813
2018-02-09,8086.7725
2018-02-10,8930.1388
2018-02-11,8045.44
2018-02-12,8478.925
2018-02-13,8766.8525
2018-02-14,8693.2525
2018-02-15,9659.2875
2018-02-16,10110.8388
2018-02-17,10474.7713
2018-02-18,10855.9375
2018-02-19,10537.0063
2018-02-20,11416.0388
2018-02-21,10928.02
2018-02-22,10727.9525
2018-02-23,9809.7213
2018-02-24,10412.3688
2018-02-25,9585.285
2018-02-26,9627.7163
2018-02-27,10272.9025
2018-02-28,10903.0188
2018-03-01,10352.0463
2018-03-02,11100.2925
2018-03-03,11305.1225
2018-03-04,11171.8175
2018-03-05,11558.475
2018-03-06,11246.7475
2018-03-07,10735.8863
2018-03-08,9552.7588
2018-03-09,8980.1925
2018-03-10,9251.2925
2018-03-11,8680.6075
2018-03-12,9433.4737
2018-03-13,9047.5125
2018-03-14,9260.7088
2018-03-15,7895.9888
2018-03-16,8039.6025
2018-03-17,8206.555
2018-03-18,7667.99
2018-03-19,8189.4913
2018-03-20,8597.3375
2018-03-21,9028.2975
2018-03-22,9023.7175
2018-03-23,8411.6525
2018-03-24,8881.9863
2018-03-25,8548.8125
2018-03-26,8429.3312
2018-03-27,7854.6375
2018-03-28,7863.255
2018-03-29,7866.36
2018-03-30,6861.325
2018-03-31,6970.3638
2018-04-01,6926.875
2018-04-02,6986.835
2018-04-03,7182.12
2018-04-04,7295.89
2018-04-05,6769.4838
2018-04-06,6766.5925
2018-04-07,6854.9213
2018-04-08,6964.4325
2018-04-09,7125.5388
2018-04-10,6789.2675
2018-04-11,6824.4938
2018-04-12,6941.6388
2018-04-13,7823.5588
2018-04-14,8040.8813
2018-04-15,8083.5738
2018-04-16,8160.4125
2018-04-17,8030.57
2018-04-18,7937.61
2018-04-19,8188.7188
2018-04-20,8333.8137
2018-04-21,8866.67
2018-04-22,8830.0588
2018-04-23,8868.1612
2018-04-24,9191.82
2018-04-25,9373.3025
2018-04-26,8807.515
2018-04-27,9153.6413
2018-04-28,9144.3838
2018-04-29,9444.1425
2018-04-30,9268.7175
2018-05-01,8949.8762
2018-05-02,9029.4788
2018-05-03,9228.8525
2018-05-04,9572.6988
2018-05-05,9817.5975
2018-05-06,9845.5438
2018-05-07,9326.7613
2018-05-08,9424.9912
2018-05-09,9039.0288
2018-05-10,9327.05
2018-05-11,8920.2563
2018-05-12,8408.3588
2018-05-13,8442.2388
2018-05-14,8398.8625
2018-05-15,8711.3888
2018-05-16,8159.2563
2018-05-17,8360.2288
2018-05-18,7996.8213
2018-05-19,8237.3425
2018-05-20,8250.395
2018-05-21,8493.1313
2018-05-22,8324.025
2018-05-23,7951.5138
2018-05-24,7614.9638
2018-05-25,7599.9525
2018-05-26,7436.835
2018-05-27,7296.7963
2018-05-28,7383.2175
2018-05-29,7118.4238
2018-05-30,7491.6113
2018-05-31,7448.4827
2018-06-01,7518.3333
2018-06-02,7630.4034
2018-06-03,7716.1451
2018-06-04,7505.5893
2018-06-05,7624.188
2018-06-06,7658.57
2018-06-07,7684.93
2018-06-08,7618.11
2018-06-09,7495.1
2018-06-10,6770.31
2018-06-11,6780.3408
2018-06-12,6525.3292
2018-06-13,6321.656
2018-06-14,6601.3242
2018-06-15,6397.4412
2018-06-16,6529.544
2018-06-17,6482.8687
2018-06-18,6711.6497
2018-06-19,6731.7101
2018-06-20,6736.8677
2018-06-21,6729.9259
2018-06-22,6099.4453
2018-06-23,6198.7008
2018-06-24,6142.3926
2018-06-25,6244.3285
2018-06-26,6148.4227
2018-06-27,6140.1915
2018-06-28,5954.5266
2018-06-29,6189.3093
2018-06-30,6343.8922
2018-07-01,6373.2779
2018-07-02,6629.7496
2018-07-03,6482.8306
2018-07-04,6589.6328
2018-07-05,6538.6824
2018-07-06,6596.53
2018-07-07,6570.4276
2018-07-08,6744.9887
2018-07-09,6694.5309
2018-07-10,6364.3876
2018-07-11,6360.4467
2018-07-12,6144.8101
2018-07-13,6215.59
2018-07-14,6254.6781
2018-07-15,6366.3499
2018-07-16,6671.6259
2018-07-17,7315.551
2018-07-18,7359.737
2018-07-19,7484.6397
2018-07-20,7357.4457
2018-07-21,7424.7342
2018-07-22,7411.2005
2018-07-23,7730.2475
2018-07-24,8325.8015
2018-07-25,8271.5979
2018-07-26,7925.2474
2018-07-27,8254.2773
2018-07-28,8184.6955
2018-07-29,8201.8901
2018-07-30,8166.3884
2018-07-31,7700.8341
2018-08-01,7588.5862
2018-08-02,7547.315
2018-08-03,7423.0744
2018-08-04,7396.0411
2018-08-05,7411.5153
2018-08-06,7402.3366
2018-08-07,6748.4415
2018-08-08,6460.1532
2018-08-09,6482.9734
2018-08-10,6092.5331
2018-08-11,6391.5993
2018-08-12,6338.739
2018-08-13,6260.193
2018-08-14,6123.4476
2018-08-15,6332.6069
2018-08-16,6273.8881
2018-08-17,6566.5953
2018-08-18,6396.9464
2018-08-19,6516.6684
2018-08-20,6299.3953
2018-08-21,6470.7336
2018-08-22,6355.8818
2018-08-23,6503.8324
2018-08-24,6675.3607
2018-08-25,6725.0323
2018-08-26,6689.8227
2018-08-27,6756.6289
2018-08-28,7084.2936
2018-08-29,7059.2312
2018-08-30,6938.9146
2018-08-31,7028.4473
2018-09-01,7198.0584
2018-09-02,7282.8585
2018-09-03,7260.2516
2018-09-04,7361.2719
2018-09-05,6913.115
2018-09-06,6471.4939
2018-09-07,6400.2687
2018-09-08,6181.7442
2018-09-09,6253.9372
2018-09-10,6275.0831
2018-09-11,6275.6696
2018-09-12,6277.4944
2018-09-13,6283.1842
2018-09-14,6285.9825
2018-09-15,6280.3101
2018-09-16,6281.4094
2018-09-17,6273.2201
2018-09-18,6278.5955
2018-09-19,6282.6107
2018-09-20,6493.11
2018-09-21,6288.0702
2018-09-22,6317.6997
2018-09-23,6293.8364
2018-09-24,6289.6213
2018-09-25,6466.9946
2018-09-26,6391.386
2018-09-27,6509.7766
2018-09-28,6698.416
2018-09-29,6502.6882
2018-09-30,6576.6143
2018-10-01,6647.3879
2018-10-02,6576.3542
2018-10-03,6481.2458
2018-10-04,6594.9358
2018-10-05,6630.5753
2018-10-06,6595.2603
2018-10-07,6591.6863
2018-10-08,6662.8685
2018-10-09,6663.0211
2018-10-10,6619.4958
2018-10-11,6285.8592
2018-10-12,6309.1989
2018-10-13,6331.1312
2018-10-14,6361.417
2018-10-15,6721.5875
2018-10-16,6724.8331
2018-10-17,6444.747
2018-10-18,6374.6489
2018-10-19,6372.6868
2018-10-20,6407.4791
2018-10-21,6412.5305
2018-10-22,6396.8802
2018-10-23,6396.2523
2018-10-24,6407.6672
2018-10-25,6405.5007
2018-10-26,6392.1793
2018-10-27,6436.3555
2018-10-28,6429.6871
2018-10-29,6266.1897
2018-10-30,6276.4645
2018-10-31,6321.7137
2018-11-01,6341.0948
2018-11-02,6360.1413
2018-11-03,6344.7389
2018-11-04,6405.1398
2018-11-05,6396.3521
2018-11-06,6425.9178
2018-11-07,6514.4895
2018-11-08,6412.5243
2018-11-09,6343.6325
2018-11-10,6365.6552
2018-11-11,6327.4806
2018-11-12,6327.1547
2018-11-13,6282.4387
2018-11-14,5524.8011
2018-11-15,5511.1528
2018-11-16,5448.6006
2018-11-17,5497.4113
2018-11-18,5553.0149
2018-11-19,4800.3429
2018-11-20,4246.3128
2018-11-21,4478.2996
2018-11-22,4405.744
2018-11-23,4329.9172
2018-11-24,3728.8726
2018-11-25,3951.205
2018-11-26,3640.5572
2018-11-27,3792.1924
2018-11-28,4174.32
2018-11-29,4218.6084
2018-11-30,3952.4479
2018-12-01,4178.6038
2018-12-02,4118.5182
2018-12-03,3847.0327
2018-12-04,3889.2921
2018-12-05,3713.5734
2018-12-06,3578.2066
2018-12-07,3391.8741
2018-12-08,3452.6162
2018-12-09,3507.3064
2018-12-10,3419.7338
2018-12-11,3360.9466
2018-12-12,3414.8337
2018-12-13,3263.5479
2018-12-14,3212.2071
2018-12-15,3194.9623
2018-12-16,3200.6425
2018-12-17,3478.4612
2018-12-18,3562.8949
2018-12-19,3709.3168
2018-12-20,4065.8
2018-12-21,3824.7398
2018-12-22,3862.7263
2018-12-23,3949.7943
2018-12-24,4054.2963
2018-12-25,3767.35
2018-12-26,3807.153
2018-12-27,3587.1982
2018-12-28,3865.5293
2018-12-29,3725.48
2018-12-30,3832.4
2018-12-31,3689.5646
2019-01-01,3715.5644
2019-01-02,3882.3048
2019-01-03,3795.5927
2019-01-04,3812.3811
2019-01-05,3809.9143
2019-01-06,4014.1332
2019-01-07,3989.6317
2019-01-08,3992.9861
2019-01-09,3995.3252
2019-01-10,3617.3463
2019-01-11,3606.1649
2019-01-12,3611.5282
2019-01-13,3497.6694
2019-01-14,3654.3471
2019-01-15,3568.7513
2019-01-16,3593.7217
2019-01-17,3623.7173
2019-01-18,3605.8552
2019-01-19,3690.9086
2019-01-20,3544.2217
2019-01-21,3528.4635
2019-01-22,3581.5519
2019-01-23,3549.7708
2019-01-24,3562.9205
2019-01-25,3566.6662
2019-01-26,3563.278
2019-01-27,3539.6209
2019-01-28,3425.2622
2019-01-29,3395.0186
2019-01-30,3441.0322
2019-01-31,3420.6332
2019-02-01,3439.8057
2019-02-02,3433.0353
2019-02-03,3404.4993
2019-02-04,3412.2304
2019-02-05,3419.7679
2019-02-06,3367.519
2019-02-07,3360.5341
2019-02-08,3591.0222
2019-02-09,3617.4647
2019-02-10,3621.154
2019-02-11,3593.1832
2019-02-12,3579.3419
2019-02-13,3569.5548
2019-02-14,3558.3969
2019-02-15,3566.2478
2019-02-16,3596.4052
2019-02-17,3606.152
2019-02-18,3865.3182
2019-02-19,3904.4829
2019-02-20,3924.7398
2019-02-21,3889.7585
2019-02-22,3933.6076
2019-02-23,4105.1128
2019-02-24,3763.6205
2019-02-25,3819.8653
2019-02-26,3797.5818
2019-02-27,3772.9363
2019-02-28,3799.6785
2019-03-01,3811.612
2019-03-02,3804.4192
2019-03-03,3782.6641
2019-03-04,3689.8629
2019-03-05,3832.0809
2019-03-06,3848.9564
2019-03-07,3859.84
2019-03-08,3828.3719
2019-03-09,3898.8685
2019-03-10,3899.6559
2019-03-11,3851.2492
2019-03-12,3866.2959
2019-03-13,3846.2744
2019-03-14,3855.7444
2019-03-15,3892.0523
2019-03-16,3985.8512
2019-03-17,3970.389
2019-03-18,3974.4158
2019-03-19,3996.0371
2019-03-20,4027.7874
2019-03-21,3974.8114
2019-03-22,3987.3052
2019-03-23,3977.7074
2019-03-24,3968.4387
2019-03-25,3913.7817
2019-03-26,3915.3753
2019-03-27,4018.5905
2019-03-28,4008.3709
2019-03-29,4080.2601
2019-03-30,4081.2216
2019-03-31,4094.7048
2019-04-01,4135.1849
2019-04-02,4818.7706
2019-04-03,5102.1508
2019-04-04,4875.5994
2019-04-05,5030.9333
2019-04-06,5028.3211
2019-04-07,5198.1732
2019-04-08,5260.205
2019-04-09,5179.9976
2019-04-10,5283.5438
2019-04-11,5049.6058
2019-04-12,5077.5159
2019-04-13,5066.867
2019-04-14,5158.3874
2019-04-15,5045.6752
2019-04-16,5184.2045
2019-04-17,5220.9599
2019-04-18,5276.559
2019-04-19,5266.6612
2019-04-20,5292.1483
2019-04-21,5276.5583
2019-04-22,5398.4334
2019-04-23,5552.5219
2019-04-24,5432.991
2019-04-25,5132.2275
2019-04-26,5151.5745
2019-04-27,5200.1932
2019-04-28,5152.5457
2019-04-29,5151.4335
2019-04-30,5277.4445
2019-05-01,5297.9425
2019-05-02,5405.8781
2019-05-03,5697.6791
2019-05-04,5812.3318
2019-05-05,5713.0351
2019-05-06,5706.0084
2019-05-07,5899.5297
2019-05-08,5932.4414
2019-05-09,6159.6859
2019-05-10,6387.8295
2019-05-11,7254.8055
2019-05-12,6992.7067
2019-05-13,7906.9408
2019-05-14,7928.4174
2019-05-15,8177.4535
2019-05-16,7820.0762
2019-05-17,7243.6505
2019-05-18,7295.6497
2019-05-19,8221.2594
2019-05-20,7917.0125
2019-05-21,7961.1287
2019-05-22,7723.9039
2019-05-23,7903.8469
2019-05-24,8038.5068
2019-05-25,8089.5702
2019-05-26,8653.1424
2019-05-27,8800.3466
2019-05-28,8719.3315
2019-05-29,8672.4001
2019-05-30,8287.0403
2019-05-31,8513.2039
2019-06-01,8588.4795
2019-06-02,8744.2656
2019-06-03,8474.0482
2019-06-04,7645.5725
2019-06-05,7790.3211
2019-06-06,7730.8817
2019-06-07,8030.2561
2019-06-08,7949.4258
2019-06-09,7600.9225
2019-06-10,7954.0062
2019-06-11,7903.6253
2019-06-12,8151.7887
2019-06-13,8256.7201
2019-06-14,8667.788
2019-06-15,8836.1684
2019-06-16,9061.5405
2019-06-17,9346.9751
2019-06-18,9012.4878
2019-06-19,9259.1236
2019-06-20,9559.9007
2019-06-21,9906.408
2019-06-22,10461.4122
2019-06-23,10843.571
2019-06-24,10996.4597
2019-06-25,11665.4097
2019-06-26,12444.9259
2019-06-27,11086.2688
2019-06-28,12316.953
2019-06-29,12024.081
2019-06-30,10932.3105
2019-07-01,10454.6838
2019-07-02,10800.1301
2019-07-03,11942.2402
2019-07-04,11645.5246
2019-07-05,10946.2091
2019-07-06,11219.046
2019-07-07,11422.1145
2019-07-08,12335.9994
2019-07-09,12575.9041
2019-07-10,12054.1838
2019-07-11,11324.1447
2019-07-12,11802.96
2019-07-13,11279.6027
2019-07-14,10506.3958
2019-07-15,10934.4827
2019-07-16,9490.4105
2019-07-17,9733.1321
2019-07-18,10603.3489
2019-07-19,10466.2609
2019-07-20,10983.216
2019-07-21,10551.1316
2019-07-22,10285.6392
2019-07-23,10027.5326
2019-07-24,9771.5048
2019-07-25,9897.4294
2019-07-26,9812.2264
2019-07-27,9440.14
2019-07-28,9495.8553
2019-07-29,9506.7043
2019-07-30,9572.7354
2019-07-31,10005.2945
2019-08-01,10385.2006
2019-08-02,10513.9115
2019-08-03,10831.2599
2019-08-04,10985.8075
2019-08-05,11811.7871
2019-08-06,11310.1872
2019-08-07,11956.0472
2019-08-08,11817.4555
2019-08-09,11827.5746
2019-08-10,11278.2813
2019-08-11,11485.3658
2019-08-12,11391.9687
2019-08-13,10869.3791
2019-08-14,10211.4986
2019-08-15,10386.5396
2019-08-16,10388.4506
2019-08-17,10212.1014
2019-08-18,10335.3728
2019-08-19,10774.8103
2019-08-20,10818.507
2019-08-21,10064.9168
2019-08-22,10161.1647
2019-08-23,10364.2814
2019-08-24,10171.4975
2019-08-25,10068.9224
2019-08-26,10312.215
2019-08-27,10122.1965
2019-08-28,9743.1621
2019-08-29,9487.9764
2019-08-30,9590.7363
2019-08-31,9624.9839
2019-09-01,9780.6679
2019-09-02,10381.856
2019-09-03,10691.3113
2019-09-04,10555.0469
2019-09-05,10576.3179
2019-09-06,10334.0239
2019-09-07,10495.2274
2019-09-08,10402.7965
2019-09-09,10332.9422
2019-09-10,10082.9468
2019-09-11,10152.753
2019-09-12,10396.7672
2019-09-13,10299.477
2019-09-14,10351.232
2019-09-15,10302.1907
2019-09-16,10301.6597
2019-09-17,10231.4215
2019-09-18,10168.2877
2019-09-19,10223.5056
2019-09-20,10138.3352
2019-09-21,9984.5205
2019-09-22,10031.8667
2019-09-23,9719.7187
2019-09-24,8688.9735
2019-09-25,8438.7086
2019-09-26,8103.2109
2019-09-27,8195.2107
2019-09-28,8146.414
2019-09-29,8085.7133
2019-09-30,8241.3415
2019-10-01,8333.6892
2019-10-02,8273.464
2019-10-03,8203.8438
2019-10-04,8163.9026
2019-10-05,8137.1467
2019-10-06,7853.6933
2019-10-07,8236.2084
2019-10-08,8201.6378
2019-10-09,8572.3808
2019-10-10,8582.1445
2019-10-11,8320.1716
2019-10-12,8328.6043
2019-10-13,8282.1773
2019-10-14,8337.819
2019-10-15,8162.44
2019-10-16,8003.8204
2019-10-17,8058.0581
2019-10-18,7970.2395
2019-10-19,7943.3471
2019-10-20,8200.3188
2019-10-21,8200.2461
2019-10-22,8073.4095
2019-10-23,7420.4158
2019-10-24,7460.6174
2019-10-25,8591.2239
2019-10-26,9171.3065
2019-10-27,9578.3676
2019-10-28,9458.2234
2019-10-29,9455.7247
2019-10-30,9225.9955
2019-10-31,9131.4106
2019-11-01,9197.6323
2019-11-02,9290.8966
2019-11-03,9202.4155
2019-11-04,9369.6281
2019-11-05,9326.5996
2019-11-06,9335.7524
2019-11-07,9226.4858
2019-11-08,8794.3586
2019-11-09,8798.0421
2019-11-10,9081.1869
2019-11-11,8711.5343
2019-11-12,8760.8927
2019-11-13,8749.5206
2019-11-14,8656.9709
2019-11-15,8500.6436
2019-11-16,8469.2609
2019-11-17,8537.3397
2019-11-18,8205.8064
2019-11-19,8118.4885
2019-11-20,8074.8432
2019-11-21,7612.7406
2019-11-22,7262.1105
2019-11-23,7303.4058
2019-11-24,7041.7329
2019-11-25,7211.8618
2019-11-26,7141.0694
2019-11-27,7523.4807
2019-11-28,7390.2075
2019-11-29,7729.2659
2019-11-30,7542.2356
2019-12-01,7381.963
2019-12-02,7333.4329
2019-12-03,7315.3678
2019-12-04,7213.7338
2019-12-05,7398.787
2019-12-06,7511.8806
2019-12-07,7532.1235
2019-12-08,7550.2392
2019-12-09,7333.096
2019-12-10,7239.7626
2019-12-11,7198.0667
2019-12-12,7190.2724
2019-12-13,7238.8743
2019-12-14,7087.025
2019-12-15,7112.7315
2019-12-16,6883.4964
2019-12-17,6584.0288
2019-12-18,7424.0154
2019-12-19,7147.5683
2019-12-20,7139.9334
2019-12-21,7286.3351
2019-12-22,7236.9862
2019-12-23,7166.1724
2019-12-24,7235.6267
2019-12-25,7212.8094
2019-12-26,7183.7065
2019-12-27,7227.2937
2019-12-28,7311.5606
2019-12-29,7385.4648
2019-12-30,7251.2768
2019-12-31,7179.9578
2020-01-01,7174.744
2020-01-02,6955.4876
2020-01-03,7291.2195
2020-01-04,7337.6367
2020-01-05,7347.4333
2020-01-06,7713.8608
2020-01-07,8039.6037
2020-01-08,8067.6064
2020-01-09,7808.7014
2020-01-10,8087.4529
2020-01-11,8078.9935
2020-01-12,8149.3137
2020-01-13,8116.961
2020-01-14,8735.1424
2020-01-15,8843.6757
2020-01-16,8711.6376
2020-01-17,8925.299
2020-01-18,8939.8643
2020-01-19,8638.1814
2020-01-20,8652.6838
2020-01-21,8708.786
2020-01-22,8635.0744
2020-01-23,8384.0888
2020-01-24,8451.2323
2020-01-25,8347.5675
2020-01-26,8562.3075
2020-01-27,8881.9624
2020-01-28,9131.115
2020-01-29,9320.9784
2020-01-30,9545.078
2020-01-31,9388.8808
2020-02-01,9363.1934
2020-02-02,9385.2604
2020-02-03,9269.707
2020-02-04,9177.8946
2020-02-05,9625.4566
2020-02-06,9681.3774
2020-02-07,9795.3441
2020-02-08,9927.7783
2020-02-09,10132.7065
2020-02-10,9838.9
2020-02-11,10236.6351
2020-02-12,10364.9263
2020-02-13,10218.0997
2020-02-14,10367.528
2020-02-15,9926.3537
2020-02-16,9876.235
2020-02-17,9636.6241
2020-02-18,10189.996
2020-02-19,9701.0372
2020-02-20,9631.4849
2020-02-21,9670.8587
2020-02-22,9689.0867
2020-02-23,9919.5514
2020-02-24,9640.4695
2020-02-25,9392.8696
2020-02-26,8787.9784
2020-02-27,8784.9954
2020-02-28,8778.4705
2020-02-29,8639.5914
2020-03-01,8548.9483
2020-03-02,8923.0444
2020-03-03,8791.1121
2020-03-04,8756.9611
2020-03-05,9078.5788
2020-03-06,9126.6368
2020-03-07,8925.2135
2020-03-08,8166.3139
2020-03-09,7875.7509
2020-03-10,7959.2283
2020-03-11,7955.3063
2020-03-12,5800.2089
2020-03-13,5672.6812
2020-03-14,5304.15
2020-03-15,5355.1874
2020-03-16,4944.7023
2020-03-17,5465.5826
2020-03-18,5363.8229
2020-03-19,6301.0634
2020-03-20,6185.2798
2020-03-21,6187.0538
2020-03-22,5884.3401
2020-03-23,6455.4547
2020-03-24,6784.318
2020-03-25,6706.9851
2020-03-26,6721.4954
2020-03-27,6682.78
2020-03-28,6229.4883
2020-03-29,5922.4898
2020-03-30,6483.7394
2020-03-31,6446.4213
2020-04-01,6537.3365
2020-04-02,6850.5587
2020-04-03,6776.3701
2020-04-04,6855.9333
2020-04-05,6805.3623
2020-04-06,7278.244
2020-04-07,7175.6675
2020-04-08,7367.2934
2020-04-09,7321.8166
2020-04-10,6866.3982
2020-04-11,6873.8485
2020-04-12,7043.4389
2020-04-13,6889.8638
2020-04-14,6887.5549
2020-04-15,6718.8
2020-04-16,7166.5828
2020-04-17,7065.0824
2020-04-18,7277.1406
2020-04-19,7185.8703
2020-04-20,6856.1464
2020-04-21,6904.4758
2020-04-22,7118.3887
2020-04-23,7562.0328
2020-04-24,7497.8618
2020-04-25,7542.3034
2020-04-26,7624.8538
2020-04-27,7776.5075
2020-04-28,7761.7588
2020-04-29,8773.1065
2020-04-30,8767.6726
2020-05-01,8853.7745
2020-05-02,8963.0576
2020-05-03,8904.7138
2020-05-04,8887.5059
2020-05-05,8978.2836
2020-05-06,9371.6843
2020-05-07,9900.6789
2020-05-08,9917.2484
2020-05-09,9617.5182
2020-05-10,8786.6552
2020-05-11,8608.1252
2020-05-12,8815.2312
2020-05-13,9330.9865
2020-05-14,9757.2966
2020-05-15,9362.6356
2020-05-16,9418.9186
2020-05-17,9684.702
2020-05-18,9723.6802
2020-05-19,9719.4809
2020-05-20,9540.8866
2020-05-21,9141.1506
2020-05-22,9192.8451
2020-05-23,9220.0759
2020-05-24,9048.7151
2020-05-25,8905.7816
2020-05-26,8835.7272
2020-05-27,9112.9792
2020-05-28,9507.5247
2020-05-29,9425.2819
2020-05-30,9688.3244
2020-05-31,9427.6701
2020-06-01,10268.582
2020-06-02,9516.1354
2020-06-03,9667.0608
2020-06-04,9811.3671
2020-06-05,9659.6613
2020-06-06,9677.051
2020-06-07,9737.4586
2020-06-08,9791.9279
2020-06-09,9786.142
2020-06-10,9874.967
2020-06-11,9260.8326
2020-06-12,9464.2281
2020-06-13,9458.6598
2020-06-14,9351.9537
2020-06-15,9441.769
2020-06-16,9510.6606
2020-06-17,9457.6271
2020-06-18,9398.6421
2020-06-19,9279.7608
2020-06-20,9353.0782
2020-06-21,9289.1045
2020-06-22,9680.9471
2020-06-23,9609.6802
2020-06-24,9311.1363
2020-06-25,9252.6334
2020-06-26,9171.7321
2020-06-27,9022.1538
2020-06-28,9101.8501
2020-06-29,9188.0614
2020-06-30,9148.4449
2020-07-01,9236.3168
2020-07-02,9097.7974
2020-07-03,9094.3246
2020-07-04,9124.6535
2020-07-05,9055.4645
2020-07-06,9278.8056
2020-07-07,9244.4158
2020-07-08,9471.76
2020-07-09,9236.1433
2020-07-10,9243.1753
2020-07-11,9229.8598
2020-07-12,9286.737
2020-07-13,9238.9938
2020-07-14,9260.471
2020-07-15,9211.0264
2020-07-16,9133.7778
2020-07-17,9160.4106
2020-07-18,9176.6864
2020-07-19,9190.2715
2020-07-20,9172.5883
2020-07-21,9395.0644
2020-07-22,9530.7909
2020-07-23,9617.3779
2020-07-24,9568.9747
2020-07-25,9708.9491
2020-07-26,9938.9512
2020-07-27,11187.7797
2020-07-28,10939.6701
2020-07-29,11284.459
2020-07-30,11118.9184
2020-07-31,11373.3173
2020-08-01,11766.7483
2020-08-02,11139.0984
2020-08-03,11261.8063
2020-08-04,11228.0263
2020-08-05,11653.4076
2020-08-06,11796.8174
2020-08-07,11639.9354
2020-08-08,11744.9121
2020-08-09,11673.1232
2020-08-10,11832.2273
2020-08-11,11340.5823
2020-08-12,11549.5463
2020-08-13,11752.1687
2020-08-14,11783.2834
2020-08-15,11895.6269
2020-08-16,11896.9472
2020-08-17,12399.1119
2020-08-18,12071.7389
2020-08-19,11749.8295
2020-08-20,11833.8973
2020-08-21,11583.1389
2020-08-22,11674.6244
2020-08-23,11666.4101
2020-08-24,11744.0127
2020-08-25,11378.726
2020-08-26,11458.8226
2020-08-27,11302.121
2020-08-28,11482.2257
2020-08-29,11515.0444
2020-08-30,11657.0039
2020-08-31,11678.3733
2020-09-01,11964.2087
2020-09-02,11427.7026
2020-09-03,10712.9206
2020-09-04,10563.8969
2020-09-05,10042.8549
2020-09-06,10207.605
2020-09-07,10381.7761
2020-09-08,10043.1964
2020-09-09,10268.4609
2020-09-10,10341.016
2020-09-11,10380.5396
2020-09-12,10436.3654
2020-09-13,10313.0686
2020-09-14,10680.2976
2020-09-15,10829.5053
2020-09-16,11033.3835
2020-09-17,10937.1113
2020-09-18,10933.9312
2020-09-19,11048.8793
2020-09-20,10852.9101
2020-09-21,10526.2029
2020-09-22,10531.1646
2020-09-23,10260.033
2020-09-24,10672.9568
2020-09-25,10729.0696
2020-09-26,10741.4765
2020-09-27,10752.3454
2020-09-28,10863.0657
2020-09-29,10764.2844
2020-09-30,10741.5795
2020-10-01,10626.601
2020-10-02,10567.3302
2020-10-03,10555.0287
2020-10-04,10660.6112
2020-10-05,10756.4046
2020-10-06,10589.6264
2020-10-07,10645.7548
2020-10-08,10897.5954
2020-10-09,11052.3951
2020-10-10,11360.8527
2020-10-11,11334.0267
2020-10-12,11666.2117
2020-10-13,11443.7328
2020-10-14,11395.5474
2020-10-15,11504.549
2020-10-16,11355.1604
2020-10-17,11358.7064
2020-10-18,11471.0025
2020-10-19,11776.593
2020-10-20,11936.3629
2020-10-21,13102.9345
2020-10-22,13140.6693
2020-10-23,12933.8236
2020-10-24,13081.6726
2020-10-25,13008.4533
2020-10-26,13033.5243
2020-10-27,13721.2822
2020-10-28,13282.2603
2020-10-29,13467.7318
2020-10-30,13573.7105
2020-10-31,13891.2168
2020-11-01,13730.1973
2020-11-02,13633.6982
2020-11-03,13832.9384
2020-11-04,14163.9768
2020-11-05,15424.5277
2020-11-06,15540.5966
2020-11-07,14783.9817
2020-11-08,15500.3343
2020-11-09,15283.7801
2020-11-10,15374.0444
2020-11-11,15820.4952
2020-11-12,16253.3103
2020-11-13,16347.0449
2020-11-14,15991.833
2020-11-15,15918.0801
2020-11-16,16752.003
2020-11-17,17593.4864
2020-11-18,17834.6365
2020-11-19,17954.858
2020-11-20,18612.8707
2020-11-21,18591.8566
2020-11-22,18629.9955
2020-11-23,18469.2005
2020-11-24,19045.7365
2020-11-25,18746.9348
2020-11-26,17187.4063
2020-11-27,17023.9614
2020-11-28,17814.7803
2020-11-29,18114.4143
2020-11-30,19382.3606
2020-12-01,18980.9775
2020-12-02,19184.8978
2020-12-03,19464.5317
2020-12-04,18813.1248
2020-12-05,19045.0203
2020-12-06,19113.9334
2020-12-07,19107.5998
2020-12-08,18682.4578
2020-12-09,18543.007
2020-12-10,18359.4766
2020-12-11,18137.3194
2020-12-12,18882.2602
2020-12-13,19060.2769
2020-12-14,19251.224
2020-12-15,19443.4764
2020-12-16,21310.6563
2020-12-17,22895.9762
2020-12-18,23008.7763
2020-12-19,23890.8226
2020-12-20,23537.3699
2020-12-21,23177.271
2020-12-22,23433.9808
2020-12-23,23224.4541
2020-12-24,23623.8855
2020-12-25,24581.0062
2020-12-26,26381.2962
2020-12-27,26389.2903
2020-12-28,26718.0295
2020-12-29,26975.7296
2020-12-30,28768.8362
2020-12-31,29111.5216
2021-01-01,29333.6051
2021-01-02,32154.1674
2021-01-03,33002.5364
2021-01-04,31431.6123
2021-01-05,34433.6065
2021-01-06,36275.7563
2021-01-07,39713.5079
2021-01-08,40519.4486
2021-01-09,40258.924
2021-01-10,38709.7654
2021-01-11,34409.6424
2021-01-12,34214.6103
2021-01-13,37017.0075
2021-01-14,38435.8635
2021-01-15,36751.585
2021-01-16,36016.7796
2021-01-17,36375.8114
2021-01-18,36346.6095
2021-01-19,36577.5196
2021-01-20,35004.5326
2021-01-21,30606.1827
2021-01-22,33368.3659
2021-01-23,32070.0974
2021-01-24,32285.7261
2021-01-25,32500.256
2021-01-26,32324.5557
2021-01-27,30534.9994
2021-01-28,33408.2183
2021-01-29,34842.5574
2021-01-30,34622.3732
2021-01-31,33087.3699
2021-02-01,33613.3208
2021-02-02,35632.902
2021-02-03,37397.4264
2021-02-04,37256.2521
2021-02-05,37851.5966
2021-02-06,40302.7998
2021-02-07,38461.6814
2021-02-08,44716.6855
2021-02-09,46674.8517
2021-02-10,45237.4757
2021-02-11,47500.8975
2021-02-12,47884.1829
2021-02-13,47005.1906
2021-02-14,49151.1676
2021-02-15,48125.9922
2021-02-16,48840.4145
2021-02-17,52165.3026
2021-02-18,51728.5088
2021-02-19,55719.2044
2021-02-20,54801.6486
2021-02-21,57128.6426
2021-02-22,54181.9146
2021-02-23,48172.8775
2021-02-24,48745.433
2021-02-25,48291.4121
2021-02-26,45752.1149
2021-02-27,46642.6061
2021-02-28,45092.8066
2021-03-01,49248.914
2021-03-02,47900.7769
2021-03-03,50811.8552
2021-03-04,48259.4871
2021-03-05,49149.7308
2021-03-06,48879.1519
2021-03-07,50594.6986
2021-03-08,51503.2581
2021-03-09,54458.0378
2021-03-10,56915.1739
2021-03-11,57636.758
2021-03-12,57306.1663
2021-03-13,60743.0418
2021-03-14,60197.902
2021-03-15,56300.3341
2021-03-16,56639.7839
2021-03-17,58567.2838
2021-03-18,57983.0947
2021-03-19,58451.7315
2021-03-20,58593.6025
2021-03-21,57796.4674
2021-03-22,54329.3586
2021-03-23,54794.2977
2021-03-24,52787.7455
2021-03-25,52173.868
2021-03-26,54483.0457
2021-03-27,56234.3561
2021-03-28,55343.9258
2021-03-29,57627.6792
2021-03-30,58734.4754
2021-03-31,58724.6645
2021-04-01,58984.6129
2021-04-02,58821.627
2021-04-03,57517.7988
2021-04-04,58177.4028
2021-04-05,58843.5595
2021-04-06,58040.1876
2021-04-07,56508.9429
2021-04-08,57880.9057
2021-04-09,58171.909
2021-04-10,59295.95
2021-04-11,59822.9017
2021-04-12,59853.1972
2021-04-13,63223.8844
2021-04-14,62926.5572
2021-04-15,63346.789
2021-04-16,61965.7826
2021-04-17,60574.4447
2021-04-18,56850.8302
2021-04-19,56224.1016
2021-04-20,56608.7697
2021-04-21,54144.4275
2021-04-22,51965.0596
2021-04-23,50669.1444
2021-04-24,50733.7695
2021-04-25,48542.9522
2021-04-26,53558.7078
2021-04-27,55123.862
2021-04-28,54591.5153
2021-04-29,53260.2953
2021-04-30,57302.6464
2021-05-01,57677.9752
2021-05-02,56427.0431
2021-05-03,57255.3068
2021-05-04,53658.8431
2021-05-05,57252.7022
2021-05-06,56583.8499
2021-05-07,57107.1207
2021-05-08,58788.2097
2021-05-09,58102.1914
2021-05-10,55715.5467
2021-05-11,56573.5555
2021-05-12,52147.8212
2021-05-13,49764.1321
2021-05-14,50032.6931
2021-05-15,47885.6253
2021-05-16,45604.6158
2021-05-17,43144.4713
2021-05-18,43196.0465
2021-05-19,39439.2376
2021-05-20,39756.0898
2021-05-21,36921.7678
2021-05-22,37490.9419
2021-05-23,34259.5484
2021-05-24,38085.7894
2021-05-25,38290.4485
2021-05-26,38915.0048
2021-05-27,38717.7692
2021-05-28,34898.0087
2021-05-29,34535.5225
2021-05-30,35749.6557
2021-05-31,36929.4767
2021-06-01,36419.7495
2021-06-02,37422.5715
2021-06-03,38958.4928
2021-06-04,37190.1014
2021-06-05,34981.3807
2021-06-06,35335.6792
2021-06-07,34016.5653
2021-06-08,33504.2566
2021-06-09,37127.1897
2021-06-10,36715.0471
2021-06-11,37341.5894
2021-06-12,35655.1645
2021-06-13,38894.5563
2021-06-14,40162.3201
2021-06-15,40173.195
2021-06-16,38557.4792
2021-06-17,37722.0202
2021-06-18,35520.451
2021-06-19,35656.3047
2021-06-20,35681.134
2021-06-21,31659.5417
2021-06-22,32404.3304
2021-06-23,33532.2578
2021-06-24,34718.4749
2021-06-25,31622.0893
2021-06-26,31739.2902
2021-06-27,34213.0127
2021-06-28,34365.1858
2021-06-29,35945.7869
2021-06-30,34855.6445
2021-07-01,33533.5019
2021-07-02,33526.8533
2021-07-03,34404.9271
2021-07-04,35601.8655
2021-07-05,34096.8943
2021-07-06,34047.5476
2021-07-07,34206.4945
2021-07-08,32579.6679
2021-07-09,33994.677
2021-07-10,33543.7018
2021-07-11,34382.6507
2021-07-12,33032.3777
2021-07-13,32544.8449
2021-07-14,33003.8129
2021-07-15,31783.1713
2021-07-16,31596.2944
2021-07-17,31640.9181
2021-07-18,31537.8052
2021-07-19,30940.2873
2021-07-20,29608.5973
2021-07-21,32014.436
2021-07-22,32203.3656
2021-07-23,33117.7515
2021-07-24,34014.6184
2021-07-25,34574.6707
2021-07-26,37114.2966
2021-07-27,38963.9229
2021-07-28,39917.4494
2021-07-29,39810.518
2021-07-30,41157.1548
2021-07-31,41869.5525
2021-08-01,40263.3448
2021-08-02,39412.7165
2021-08-03,38368.174
2021-08-04,39831.0439
2021-08-05,40902.4756
2021-08-06,42608.545
2021-08-07,44095.7445
2021-08-08,44294.3073
2021-08-09,45990.9101
2021-08-10,45576.8889
2021-08-11,45793.3189
2021-08-12,44078.7607
2021-08-13,47654.729
2021-08-14,47004.3575
2021-08-15,47144.8426
2021-08-16,46181.7308
2021-08-17,44887.2428
2021-08-18,44811.6341
2021-08-19,46395.7967
2021-08-20,49061.8477
2021-08-21,49270.1972
2021-08-22,48971.6119
2021-08-23,49593.082
2021-08-24,48190.9521
2021-08-25,48907.5328
2021-08-26,47329.1497
2021-08-27,49033.3254
2021-08-28,48768.1901
2021-08-29,49184.2085
2021-08-30,47663.0225
2021-08-31,46919.5116
2021-09-01,48487.0112
2021-09-02,49725.5321
2021-09-03,49709.612
2021-09-04,49999.5556
2021-09-05,51693.8094
2021-09-06,52506.6856
2021-09-07,46897.6015
2021-09-08,46769.3144
2021-09-09,46404.3645
2021-09-10,44720.7556
2021-09-11,45253.1306
2021-09-12,45510.5632
2021-09-13,45097.7972
2021-09-14,47039.9499
2021-09-15,48125.1188
2021-09-16,47648.502
2021-09-17,47305.8054
2021-09-18,48020.7563
2021-09-19,47128.9352
2021-09-20,43831.2148
2021-09-21,41139.2629
2021-09-22,43478.4711
2021-09-23,44755.5719
2021-09-24,42877.9556
2021-09-25,42771.928
2021-09-26,43572.0849
2021-09-27,43136.5805
2021-09-28,41734.5711
2021-09-29,41412.6147
2021-09-30,43718.3777
2021-10-01,47797.704
2021-10-02,48083.4373
2021-10-03,48085.048
2021-10-04,48794.2102
2021-10-05,51459.0928
2021-10-06,55029.8743
2021-10-07,53770.2771
2021-10-08,54203.2983
2021-10-09,54854.8765
2021-10-10,54712.7212
2021-10-11,57284.9214
2021-10-12,56304.2388
2021-10-13,57517.1245
2021-10-14,57559.0644
2021-10-15,61273.8053
2021-10-16,60744.9849
2021-10-17,60965.4654
2021-10-18,61707.4813
2021-10-19,63901.0731
2021-10-20,65972.8631
2021-10-21,62603.5751
2021-10-22,60689.2383
2021-10-23,61124.3471
2021-10-24,60936.1509
2021-10-25,63004.3811
2021-10-26,60399.7349
2021-10-27,58602.2025
2021-10-28,60619.2669
2021-10-29,62302.7051
2021-10-30,61342.6016
2021-10-31,61374.2784
2021-11-01,61200.2258
2021-11-02,63226.40234375
2021-11-03,62970.046875
2021-11-04,61452.23046875
2021-11-05,61125.67578125
2021-11-06,61469.9737
2021-11-07,62924.5219
2021-11-08,67633.6477
2021-11-09,67292.1376
2021-11-10,64859.7741
2021-11-11,65199.1669
2021-11-12,64036.8989
2021-11-13,64395.89
2021-11-14,64657.4241
2021-11-15,63758.4302
2021-11-16,60716.0985
2021-11-17,60049.9203
2021-11-18,56936.5162
2021-11-19,57896.1666
2021-11-20,59756.0242
2021-11-21,59023.2598
2021-11-22,56713.2581
2021-11-23,57653.9868
2021-11-24,57055.5833
2021-11-25,58890.5283
2021-11-26,54304.1282
2021-11-27,54877.4753
2021-11-28,56311.8779
2021-11-29,58186.1993
2021-11-30,57417.9453
2021-12-01,56983.4597
2021-12-02,56888.8579
2021-12-03,53597.3512
2021-12-04,49087.3957
2021-12-05,49251.8372
2021-12-06,50821.7619
2021-12-07,50423.1241
2021-12-08,50832.3828
2021-12-09,47735.5949
2021-12-10,47981.9379
2021-12-11,49127.1398
2021-12-12,50125.1898
2021-12-13,47004.6892
2021-12-14,48227.3464
2021-12-15,48845.6326
2021-12-16,47941.5421
2021-12-17,46009.7836
2021-12-18,46995.5819
2021-12-19,47024.5436
2021-12-20,46883.7404
2021-12-21,49105.252
2021-12-22,48904.4099
2021-12-23,50834.6267
2021-12-24,50850.5327
2021-12-25,50724.3176
2021-12-26,51136.2128
2021-12-27,50978.0504
2021-12-28,47499.1639
2021-12-29,47426.6259
2021-12-30,46894.8451
2021-12-31,46315.8215
2022-01-01,47471.441
2022-01-02,47372.7701
2022-01-03,46247.1071
2022-01-04,46232.3068
2022-01-05,43454.4692
2022-01-06,43144.0089
2022-01-07,41622.4043
2022-01-08,42211.4585
2022-01-09,42397.6195
2022-01-10,41716.8753
2022-01-11,42694.4484
2022-01-12,43935.0723
2022-01-13,42579.4785
2022-01-14,43291.2722
2022-01-15,43223.665
2022-01-16,43198.2274
2022-01-17,42293.9682
2022-01-18,42566.3152
2022-01-19,41983.101
2022-01-20,41208.0744
2022-01-21,36484.1358
2022-01-22,34959.3815
2022-01-23,35386.3769
2022-01-24,36440.1237
2022-01-25,36669.2301
2022-01-26,36480.9077
2022-01-27,36685.9026
2022-01-28,37905.7369
2022-01-29,38168.1823
2022-01-30,37680.239
2022-01-31,38564.1887
2022-02-01,38665.2179
2022-02-02,37216.137
2022-02-03,36889.0007
2022-02-04,40580.0143
2022-02-05,41662.7022
2022-02-06,41738.4867
2022-02-07,44124.5082
2022-02-08,44050.4273
2022-02-09,44573.151
2022-02-10,44029.768
2022-02-11,42328.8194
2022-02-12,41997.0316
2022-02-13,42369.1031
2022-02-14,42692.2164
2022-02-15,44241.742
2022-02-16,44140.2293
2022-02-17,40612.224
2022-02-18,39963.6247
2022-02-19,40001.9532
2022-02-20,38627.528
2022-02-21,37437.4609
2022-02-22,38273.9669
2022-02-23,37613.8369
2022-02-24,37900.0908
2022-02-25,39131.976
2022-02-26,39162.1274
2022-02-27,37829.4694
2022-02-28,43732.0804
2022-03-01,44138.8475
2022-03-02,44124.9217
2022-03-03,42597.9564
2022-03-04,38829.635
2022-03-05,39383.8121
2022-03-06,39077.9088
2022-03-07,38358.8996
2022-03-08,38534.6984
2022-03-09,41847.194
2022-03-10,39402.3259
2022-03-11,38943.4005
2022-03-12,39144.0398
2022-03-13,37774.1106
2022-03-14,39127.0865
2022-03-15,39477.5878
2022-03-16,40939.5997
2022-03-17,40919.2551
2022-03-18,41711.7964
2022-03-19,41780.6973
2022-03-20,41205.3573
2022-03-21,41188.03
2022-03-22,42507.659
2022-03-23,42525.6294
2022-03-24,44046.1555
2022-03-25,44377.8424
2022-03-26,44450.0871
2022-03-27,46753.1817
2022-03-28,47722.3275
2022-03-29,47284.0772
2022-03-30,47001.0142
2022-03-31,45729.4685
2022-04-01,46216.445
2022-04-02,46089.4722
2022-04-03,46393.6608
2022-04-04,46600.4252
2022-04-05,45786.7354
2022-04-06,43612.8691
2022-04-07,43536.6305
2022-04-08,42157.4931
2022-04-09,42564.3463
2022-04-10,42346.2345
2022-04-11,39964.8688
2022-04-12,39643.599
2022-04-13,41161.4953
2022-04-14,39895.3524
2022-04-15,40443.293
2022-04-16,40502.0544
2022-04-17,40146.2939
2022-04-18,40788.0272
2022-04-19,41448.5379
2022-04-20,41565.9942
2022-04-21,40493.6906
2022-04-22,39683.6122
2022-04-23,39899.3414
2022-04-24,39620.7263
2022-04-25,40331.277
2022-04-26,38301.7037
2022-04-27,39077.3846
2022-04-28,39678.5854
2022-04-29,38557.1893
2022-04-30,38380.673
2022-05-01,38210.6675
2022-05-02,38590.2299
2022-05-03,37787.5445
2022-05-04,39721.6084
2022-05-05,36377.8127
2022-05-06,35976.0274
2022-05-07,35175.7645
2022-05-08,34196.503
2022-05-09,31224.2304
2022-05-10,30437.696
2022-05-11,28575.4754
2022-05-12,28633.0754
2022-05-13,29829.042
2022-05-14,29652.7524
2022-05-15,31151.6208
2022-05-16,30082.6258
2022-05-17,30272.1219
2022-05-18,28948.0191
2022-05-19,30117.9793
2022-05-20,29229.4538
2022-05-21,29348.1843
2022-05-22,30304.3275
2022-05-23,29118.5027
2022-05-24,29533.0705
2022-05-25,29776.9014
2022-05-26,29511.5462
2022-05-27,28855.4747
2022-05-28,28988.9464
2022-05-29,29446.2658
2022-05-30,31707.3663
2022-05-31,31821.074
2022-06-01,29721.7779
2022-06-02,30571.7211
2022-06-03,29733.7293
2022-06-04,29780.0311
2022-06-05,29931.4905
2022-06-06,31411.2485
2022-06-07,31159.0337
2022-06-08,30328.2653
2022-06-09,30036.34
2022-06-10,29139.092
2022-06-11,28635.118
2022-06-12,27077.4867
2022-06-13,22795.9336
2022-06-14,21568.1649
2022-06-15,22465.251
2022-06-16,20513.8733
2022-06-17,20409.4514
2022-06-18,19206.5091
2022-06-19,20599.2587
2022-06-20,20438.3897
2022-06-21,20832.9353
2022-06-22,20018.2594
2022-06-23,21069.9235
2022-06-24,21320.3099
2022-06-25,21443.5686
2022-06-26,20993.0853
2022-06-27,20825.6288
2022-06-28,20249.8972
2022-06-29,20161.5486
2022-06-30,18901.7184
2022-07-01,19399.2355
2022-07-02,19289.8906
2022-07-03,19283.7028
2022-07-04,19531.8511
2022-07-05,20155.9977
2022-07-06,20501.5164
2022-07-07,21584.9956
2022-07-08,21866.2611
2022-07-09,21678.9724
2022-07-10,20809.5822
2022-07-11,20003.5875
2022-07-12,19414.0383
2022-07-13,19834.9215
2022-07-14,20565.2104
2022-07-15,20874.2416
2022-07-16,21234.2144
2022-07-17,21004.7325
2022-07-18,21700.4426
2022-07-19,23314.2993
2022-07-20,23423.3988
2022-07-21,22997.1365
2022-07-22,22708.8576
2022-07-23,22464.2448
2022-07-24,22982.574
2022-07-25,21577.3511
2022-07-26,21112.7349
2022-07-27,22853.0268
2022-07-28,23963.7224
2022-07-29,23925.051
2022-07-30,23611.2064
2022-07-31,23271.3389
2022-08-01,23081.9839
2022-08-02,23114.7251
2022-08-03,22996.7305
2022-08-04,22611.1867
2022-08-05,23250.9959
2022-08-06,23178.4577
2022-08-07,23239.702
2022-08-08,23772.4687
2022-08-09,23189.8988
2022-08-10,23874.291
2022-08-11,23934.6701
2022-08-12,24228.0414
2022-08-13,24441.729
2022-08-14,24334.851
2022-08-15,24070.2777
2022-08-16,23857.3495
2022-08-17,23351.8989
2022-08-18,23373.1663
2022-08-19,21004.4753
2022-08-20,21121.388
2022-08-21,21594.8352
2022-08-22,21296.682
2022-08-23,21521.1001
2022-08-24,21520.4246
2022-08-25,21609.8711
2022-08-26,20233.9582
2022-08-27,20058.2388
2022-08-28,19934.6002
2022-08-29,20312.6067
2022-08-30,19845.3676
2022-08-31,20092.2673
2022-09-01,20099.0858
2022-09-02,19913.4718
2022-09-03,19804.7215
2022-09-04,19870.6223
2022-09-05,19822.9625
2022-09-06,18905.5781
2022-09-07,19335.1151
2022-09-08,19300.7869
2022-09-09,21360.0214
2022-09-10,21839.1299
2022-09-11,21755.9294
2022-09-12,22322.5289
2022-09-13,20167.1635
2022-09-14,20338.3629
2022-09-15,19709.9562
2022-09-16,19718.5458
2022-09-17,20120.1384
2022-09-18,19430.6557
2022-09-19,19545.9213
2022-09-20,18951.274
2022-09-21,18527.2222
2022-09-22,19366.3358
2022-09-23,19230.4879
2022-09-24,18941.6802
2022-09-25,18763.2954
2022-09-26,19166.3009
2022-09-27,19112.4705
2022-09-28,19543.2271
2022-09-29,19562.4324
2022-09-30,19391.5565
2022-10-01,19324.1566
2022-10-02,19011.5236
2022-10-03,19514.0937
2022-10-04,20293.2776
2022-10-05,20112.54
2022-10-06,19937.6025
2022-10-07,19573.7922
2022-10-08,19360.6984
2022-10-09,19409.9207
2022-10-10,19124.3681
2022-10-11,19040.6501
2022-10-12,19170.2402
2022-10-13,19374.4796
2022-10-14,19150.982
2022-10-15,19080.0457
2022-10-16,19285.4529
2022-10-17,19504.5916
2022-10-18,19331.2674
2022-10-19,19152.8445
2022-10-20,19016.3412
2022-10-21,19173.3774
2022-10-22,19195.5837
2022-10-23,19638.6166
2022-10-24,19346.3088
2022-10-25,20093.1996
2022-10-26,20809.2696
2022-10-27,20270.8151
2022-10-28,20626.2153
2022-10-29,20784.098
2022-10-30,20572.1358
2022-10-31,20458.9114
2022-11-01,20463.532
2022-11-02,20101.9218
2022-11-03,20205.0871
2022-11-04,21196.4654
2022-11-05,21317.3759
2022-11-06,21123.6085
2022-11-07,20476.6677
2022-11-08,18620.4284
2022-11-09,16011.3449
2022-11-10,17830.8507
2022-11-11,16926.6208
2022-11-12,16818.3691
2022-11-13,16439.864
2022-11-14,16357.7321
2022-11-15,16834.8566
2022-11-16,16603.6122
2022-11-17,16694.1198
2022-11-18,16621.2133
2022-11-19,16764.1374
2022-11-20,16262.0095
2022-11-21,15791.0755
2022-11-22,16104.3329
2022-11-23,16469.3018
2022-11-24,16566.5792
2022-11-25,16504.6188
2022-11-26,16409.9123
2022-11-27,16567.2033
2022-11-28,16215.239
2022-11-29,16466.6602
2022-11-30,17087.1645
2022-12-01,16964.3489
2022-12-02,17060.684
2022-12-03,16880.932
2022-12-04,17089.8415
2022-12-05,16968.4252
2022-12-06,16980.1176
2022-12-07,16829.9033
2022-12-08,17231.5686
2022-12-09,17117.2911
2022-12-10,17120.4156
2022-12-11,17128.6838
2022-12-12,17163.0961
2022-12-13,17716.8423
2022-12-14,17816.7007
2022-12-15,17296.3758
2022-12-16,16774.5065
2022-12-17,16720.5882
2022-12-18,16792.7392
2022-12-19,16416.0482
2022-12-20,16863.1098
2022-12-21,16767.1835
2022-12-22,16796.5874
2022-12-23,16773.1166
2022-12-24,16843.0499
2022-12-25,16811.0844
2022-12-26,16829.2524
2022-12-27,16692.8824
2022-12-28,16502.3056
2022-12-29,16620.066
2022-12-30,16583.8842
2022-12-31,16530.6865
2023-01-01,16587.0969
2023-01-02,16697.891
2023-01-03,16645.0828
2023-01-04,16832.6429
2023-01-05,16836.6268
2023-01-06,16943.8349
2023-01-07,16936.3394
2023-01-08,16967.6479
2023-01-09,17193.1859
2023-01-10,17429.1799
2023-01-11,17578.4761
2023-01-12,18860.8514
2023-01-13,19975.8062
2023-01-14,20932.9865
2023-01-15,20855.9861
2023-01-16,21167.7976
2023-01-17,21279.218
2023-01-18,20739.7677
2023-01-19,21032.8915
2023-01-20,22614.2726
2023-01-21,23038.6192
2023-01-22,22569.065
2023-01-23,22957.9496
2023-01-24,22841.0554
2023-01-25,23387.2412
2023-01-26,23024.197
2023-01-27,23029.58
2023-01-28,23002.1915
2023-01-29,23783.0611
2023-01-30,22684.3003
2023-01-31,22954.8947
2023-02-01,23670.4363
2023-02-02,23565.5217
2023-02-03,23426.06
2023-02-04,23432.76
2023-02-05,23016.7707
2023-02-06,22889.5755
2023-02-07,23232.0404
2023-02-08,22967.7958
2023-02-09,21864.0361
2023-02-10,21591.5718
2023-02-11,21864.8011
2023-02-12,21822.9671
2023-02-13,21650.3487
2023-02-14,22206.7121
2023-02-15,24267.1257
2023-02-16,24122.9475
2023-02-17,24599.2516
2023-02-18,24627.273
2023-02-19,24487.8726
2023-02-20,24703.7081
2023-02-21,24350.2385
2023-02-22,24050.2068
2023-02-23,23813.8988
2023-02-24,23039.6714
2023-02-25,23101.714
2023-02-26,23422.3636
2023-02-27,23408.8514
2023-02-28,23210.8096
2023-03-01,23502.4072
2023-03-02,23497.0636
2023-03-03,22277.8107
2023-03-04,22341.8291
2023-03-05,22419.3627
2023-03-06,22444.639
2023-03-07,22105.8024
2023-03-08,21983.4801
2023-03-09,20362.1065
2023-03-10,20103.4095
2023-03-11,20429.6296
2023-03-12,21923.5343
2023-03-13,24170.8956
2023-03-14,24681.1239
2023-03-15,24477.3991
2023-03-16,24950.8549
2023-03-17,27673.713
2023-03-18,27082.1601
2023-03-19,28179.1543
2023-03-20,28065.6588
2023-03-21,28009.3905
2023-03-22,27095.2745
2023-03-23,28245.0848
2023-03-24,27421.8415
2023-03-25,27489.0066
2023-03-26,28003.7936
2023-03-27,27130.011
2023-03-28,27193.3959
2023-03-29,28366.5156
2023-03-30,28053.758
2023-03-31,28603.1655
2023-04-01,28527.4572
2023-04-02,27988.5147
2023-04-03,27867.3463
2023-04-04,28205.4316
2023-04-05,28179.9075
2023-04-06,27991.649
2023-04-07,27907.2963
2023-04-08,27980.4292
2023-04-09,28371.1984
2023-04-10,29640.7363
2023-04-11,30218.7775
2023-04-12,29903.9588
2023-04-13,30372.8333
2023-04-14,30551.5136
2023-04-15,30443.4115
2023-04-16,30324.9821
2023-04-17,29534.1031
2023-04-18,30314.6885
2023-04-19,29188.919
2023-04-20,28251.0612
2023-04-21,27404.6589
2023-04-22,27975.3365
2023-04-23,27596.7901
2023-04-24,27446.3265
2023-04-25,28245.4644
2023-04-26,28309.6592
2023-04-27,29537.4033
2023-04-28,29510.4777
2023-04-29,29274.5048
2023-04-30,29415.9797
2023-05-01,28080.4289
2023-05-02,28759.3114
2023-05-03,29182.2169
2023-05-04,28785.2338
2023-05-05,29656.4166
2023-05-06,29007.9082
2023-05-07,28828.5236
2023-05-08,27664.5025
2023-05-09,27575.5878
2023-05-10,27596.7939
2023-05-11,26938.6681
2023-05-12,26834.0298
2023-05-13,26960.6676
2023-05-14,26917.7116
2023-05-15,27283.6889
2023-05-16,26992.8556
2023-05-17,27304.0604
2023-05-18,26843.2255
2023-05-19,26876.9636
2023-05-20,27049.9291
2023-05-21,26770.4328
2023-05-22,26882.9352
2023-05-23,27179.002
2023-05-24,26329.6907
2023-05-25,26436.0698
2023-05-26,26729.3862
2023-05-27,26823.2765
2023-05-28,28055.5362
2023-05-29,27644.9239
2023-05-30,27740.7071
2023-05-31,27164.9159
2023-06-01,26869.5351
2023-06-02,27293.2814
2023-06-03,27085.4667
2023-06-04,27319.4471
2023-06-05,25758.6438
2023-06-06,27099.0226
2023-06-07,26242.9491
2023-06-08,26600.3653
2023-06-09,26460.5807
2023-06-10,25950.5441
2023-06-11,25809.0986
2023-06-12,25891.9343
2023-06-13,25838.1422
2023-06-14,25039.4068
2023-06-15,25621.2334
2023-06-16,26341.725
2023-06-17,26552.4801
2023-06-18,26426.6383
2023-06-19,26789.5535
2023-06-20,28207.0228
2023-06-21,30024.0116
2023-06-22,30012.5558
2023-06-23,30647.9517
2023-06-24,30517.9898
2023-06-25,30509.3455
2023-06-26,30242.5031
2023-06-27,30604.8404
2023-06-28,30129.8252
2023-06-29,30431.8145
2023-06-30,30491.5815
2023-07-01,30565.1182
2023-07-02,30527.7172
2023-07-03,31097.7188
2023-07-04,30771.2109
2023-07-05,30434.9292
2023-07-06,30240.3051
2023-07-07,30318.3381
2023-07-08,30212.5395
2023-07-09,30196.7793
2023-07-10,30338.4113
2023-07-11,30540.2744
2023-07-12,30352.0061
2023-07-13,31285.1488
2023-07-14,30256.1701
2023-07-15,30307.7145
2023-07-16,30337.3844
2023-07-17,30161.6451
2023-07-18,29828.5909
2023-07-19,29901.2402
2023-07-20,29834.5287
2023-07-21,29966.0088
2023-07-22,29835.8529
2023-07-23,30033.2136
2023-07-24,29168.6791
2023-07-25,29237.1656
2023-07-26,29465.9088
2023-07-27,29201.9946
2023-07-28,29312.988
2023-07-29,29384.2858
2023-07-30,29179.7394
2023-07-31,29198.6256
2023-08-01,29203.6066
2023-08-02,29168.9587
2023-08-03,29185.0597
2023-08-04,29092.8163
2023-08-05,29123.4393
2023-08-06,29147.6954
2023-08-07,29227.915
2023-08-08,29761.1538
2023-08-09,29569.8545
2023-08-10,29466.9362
2023-08-11,29418.0509
2023-08-12,29482.0861
2023-08-13,29386.058
2023-08-14,29433.8619
2023-08-15,29185.6661
2023-08-16,28924.3126
2023-08-17,26384.6215
2023-08-18,26144.2919
2023-08-19,26225.9094
2023-08-20,26251.3066
2023-08-21,26147.6146
2023-08-22,25815.3626
2023-08-23,26468.8391
2023-08-24,26098.0196
2023-08-25,26036.48
2023-08-26,26026.2111
2023-08-27,26070.0944
2023-08-28,26025.0598
2023-08-29,27614.8618
2023-08-30,27260.6999
2023-08-31,26007.0541
2023-09-01,25803.766
2023-09-02,25864.3073
2023-09-03,25967.5232
2023-09-04,25757.5643
2023-09-05,25739.7567
2023-09-06,25752.2577
2023-09-07,26346.7161
2023-09-08,25910.4278
2023-09-09,25904.7387
2023-09-10,25901.0221
2023-09-11,25152.9017
2023-09-12,25987.3015
2023-09-13,26259.0581
2023-09-14,26610.6651
2023-09-15,26702.9224
2023-09-16,26563.974
2023-09-17,26448.2709
2023-09-18,26796.6241
2023-09-19,27184.2928
2023-09-20,27109.2715
2023-09-21,26558.4805
2023-09-22,26556.796
2023-09-23,26597.281
2023-09-24,26509.7867
2023-09-25,26267.3307
2023-09-26,26159.0953
2023-09-27,26297.7209
2023-09-28,27044.8335
2023-09-29,26863.4056
2023-09-30,27022.8263
2023-10-01,27914.1569
2023-10-02,27520.832
2023-10-03,27321.3315
2023-10-04,27759.8011
2023-10-05,27476.9282
2023-10-06,28042.1498
2023-10-07,27970.921
2023-10-08,27910.3748
2023-10-09,27604.4566
2023-10-10,27449.5788
2023-10-11,26782.5998
2023-10-12,26723.8786
2023-10-13,26904.8796
2023-10-14,26843.9536
2023-10-15,27188.3438
2023-10-16,28497.1614
2023-10-17,28413.6433
2023-10-18,28323.0347
2023-10-19,28704.4886
2023-10-20,29626.0197
2023-10-21,29995.8814
2023-10-22,29987.5648
2023-10-23,34238.0442
2023-10-24,34070.8096
2023-10-25,34647.9354
2023-10-26,34206.567
2023-10-27,33834.3627
2023-10-28,34136.3192
2023-10-29,34688.2024
2023-10-30,34502.9235
2023-10-31,34625.5295
2023-11-01,35230.1437
2023-11-02,34808.7687
2023-11-03,34614.0313
2023-11-04,35071.6278
2023-11-05,34809.408
2023-11-06,35093.1694
2023-11-07,35348.9798
2023-11-08,35737.8004
2023-11-09,36553.0496
2023-11-10,36607.8595
2023-11-11,36919.1124
2023-11-12,37156.1106
2023-11-13,36496.4012
2023-11-14,35575.0311
2023-11-15,37800.8572
2023-11-16,36171.9535
2023-11-17,36458.0548
2023-11-18,36536.5693
2023-11-19,36971.2677
2023-11-20,37473.7666
2023-11-21,36519.0237
2023-11-22,37288.6278
2023-11-23,37246.8769
2023-11-24,37449.4459
2023-11-25,37427.8829
2023-11-26,37448.7042
2023-11-27,37128.4851
2023-11-28,37767.3419
2023-11-29,37602.0408
2023-11-30,37658.0804
2023-12-01,38373.9045
2023-12-02,38689.6909
2023-12-03,39264.3088
2023-12-04,40858.5219
2023-12-05,44206.507
2023-12-06,43827.5643
2023-12-07,43275.344
2023-12-08,44429.6102
2023-12-09,44091.9969
2023-12-10,43894.7011
2023-12-11,41309.1386
2023-12-12,41219.8866
2023-12-13,43054.0234
2023-12-14,43061.732
2023-12-15,42081.9602
2023-12-16,42289.8343
2023-12-17,41629.0276
2023-12-18,42568.5631
2023-12-19,42280.4243
2023-12-20,43592.9694
2023-12-21,43970.8792
2023-12-22,43858.0223
2023-12-23,43942.962
2023-12-24,43145.7864
2023-12-25,43800.2783
2023-12-26,42528.3424
2023-12-27,43423.1848
2023-12-28,42641.3451
2023-12-29,41886.0944
2023-12-30,42329.6196
2023-12-31,42556.9256
2024-01-01,43553.1562
2024-01-02,44983.9221
2024-01-03,42785.6967
2024-01-04,44463.4136
2024-01-05,43882.3896
2024-01-06,44004.5206
2024-01-07,44035.6859
2024-01-08,46912.9416
2024-01-09,46105.4851
2024-01-10,46501.6775
2024-01-11,46255.1165
2024-01-12,42181.0731
2024-01-13,43060.586
2024-01-14,42379.318
2024-01-15,42780.6816
2024-01-16,43253.2822
2024-01-17,42596.1997
2024-01-18,41289.1846
2024-01-19,41599.95
2024-01-20,41820.3059
2024-01-21,41729.5895
2024-01-22,39784.1662
2024-01-23,39567.283
2024-01-24,39840.7649
2024-01-25,39778.875
